target,targetHorizon,nDistrict,StochVol,slidingWindow,test,valError_RMSE
Far West,1,8,,4,0.2,0.0292576383507028
Far West,1,8,,8,0.2,0.0298226099302911
Far West,1,8,,16,0.2,0.0316335535325575
Far West,1,8,,20,0.2,0.032801372914033
Far West,1,8,,28,0.2,0.0339875021795941
Far West,1,8,,40,0.2,0.0388134767350021
Southwest,1,8,,4,0.2,0.0255701762173959
Southwest,1,8,,8,0.2,0.026706071973685
Southwest,1,8,,16,0.2,0.0289965405732391
Southwest,1,8,,20,0.2,0.0296439244414346
Southwest,1,8,,28,0.2,0.0301586938611827
Southwest,1,8,,40,0.2,0.0334389122827928
Rocky Mountain,1,8,,4,0.2,0.0235241353853825
Rocky Mountain,1,8,,8,0.2,0.0243651080294434
Rocky Mountain,1,8,,16,0.2,0.0257236473338414
Rocky Mountain,1,8,,20,0.2,0.0268886171991396
Rocky Mountain,1,8,,28,0.2,0.0275874672427305
Rocky Mountain,1,8,,40,0.2,0.0307239915176977
Plains,1,8,,4,0.2,0.0250572849509869
Plains,1,8,,8,0.2,0.0256352260044475
Plains,1,8,,16,0.2,0.0271940506910758
Plains,1,8,,20,0.2,0.0278220833113304
Plains,1,8,,28,0.2,0.0287342630874224
Plains,1,8,,40,0.2,0.0315704047428199
Great Lakes,1,8,,4,0.2,0.0311345753224456
Great Lakes,1,8,,8,0.2,0.0325096064852228
Great Lakes,1,8,,16,0.2,0.0341630450149553
Great Lakes,1,8,,20,0.2,0.0353893192744962
Great Lakes,1,8,,28,0.2,0.036357957178223
Great Lakes,1,8,,40,0.2,0.040418139966295
Southeast,1,8,,4,0.2,0.0288560939240951
Southeast,1,8,,8,0.2,0.0295541270743593
Southeast,1,8,,16,0.2,0.0314745376375727
Southeast,1,8,,20,0.2,0.0324792919524538
Southeast,1,8,,28,0.2,0.0335985532648431
Southeast,1,8,,40,0.2,0.0370332025798513
Mideast,1,8,,4,0.2,0.0293294980348719
Mideast,1,8,,8,0.2,0.030284890295221
Mideast,1,8,,16,0.2,0.0324441675385344
Mideast,1,8,,20,0.2,0.0337558060153952
Mideast,1,8,,28,0.2,0.0344815810225516
Mideast,1,8,,40,0.2,0.0395608115697876
New England,1,8,,4,0.2,0.0305598905976442
New England,1,8,,8,0.2,0.0315868525514972
New England,1,8,,16,0.2,0.0333190315738694
New England,1,8,,20,0.2,0.0344607790873663
New England,1,8,,28,0.2,0.0357083798402955
New England,1,8,,40,0.2,0.0397109330384352
Far West,2,8,,4,0.2,0.0300505157607519
Far West,2,8,,8,0.2,0.0297362210283984
Far West,2,8,,16,0.2,0.031654197638469
Far West,2,8,,20,0.2,0.0323656588811287
Far West,2,8,,28,0.2,0.0339672473637663
Far West,2,8,,40,0.2,0.0384286403513114
Southwest,2,8,,4,0.2,0.0252121847529815
Southwest,2,8,,8,0.2,0.0254240251159265
Southwest,2,8,,16,0.2,0.0275376193192629
Southwest,2,8,,20,0.2,0.0283005678388637
Southwest,2,8,,28,0.2,0.0286859878082674
Southwest,2,8,,40,0.2,0.0322274371878204
Rocky Mountain,2,8,,4,0.2,0.0239703300435946
Rocky Mountain,2,8,,8,0.2,0.0240253318304353
Rocky Mountain,2,8,,16,0.2,0.025489938522249
Rocky Mountain,2,8,,20,0.2,0.0264612079730315
Rocky Mountain,2,8,,28,0.2,0.0272911157652613
Rocky Mountain,2,8,,40,0.2,0.0305025980450407
Plains,2,8,,4,0.2,0.0261440976526041
Plains,2,8,,8,0.2,0.0260583822350026
Plains,2,8,,16,0.2,0.0274138253003324
Plains,2,8,,20,0.2,0.0282233107308099
Plains,2,8,,28,0.2,0.0291536492523266
Plains,2,8,,40,0.2,0.0319815095394215
Great Lakes,2,8,,4,0.2,0.0326704549422387
Great Lakes,2,8,,8,0.2,0.03231062912286
Great Lakes,2,8,,16,0.2,0.034664617365127
Great Lakes,2,8,,20,0.2,0.035791343723419
Great Lakes,2,8,,28,0.2,0.0363863967473511
Great Lakes,2,8,,40,0.2,0.0408972645474131
Southeast,2,8,,4,0.2,0.0302467139070194
Southeast,2,8,,8,0.2,0.0297977314410126
Southeast,2,8,,16,0.2,0.0315876211381558
Southeast,2,8,,20,0.2,0.0324526976625918
Southeast,2,8,,28,0.2,0.0335431040835937
Southeast,2,8,,40,0.2,0.037072524977492
Mideast,2,8,,4,0.2,0.0298839385394464
Mideast,2,8,,8,0.2,0.0299891711263693
Mideast,2,8,,16,0.2,0.0325472138792828
Mideast,2,8,,20,0.2,0.0334533517962371
Mideast,2,8,,28,0.2,0.0346499414220037
Mideast,2,8,,40,0.2,0.0390408229870773
New England,2,8,,4,0.2,0.0308400617666449
New England,2,8,,8,0.2,0.0309767717459897
New England,2,8,,16,0.2,0.0331548860483869
New England,2,8,,20,0.2,0.0343100379750907
New England,2,8,,28,0.2,0.0354560861313604
New England,2,8,,40,0.2,0.0387247649543662
Far West,4,8,,4,0.2,0.0303079945427403
Far West,4,8,,8,0.2,0.0309749059189651
Far West,4,8,,16,0.2,0.0315214394636059
Far West,4,8,,20,0.2,0.0326344464750877
Far West,4,8,,28,0.2,0.0351481562568287
Far West,4,8,,40,0.2,0.0379333338860795
Southwest,4,8,,4,0.2,0.0267301607722147
Southwest,4,8,,8,0.2,0.027169569191948
Southwest,4,8,,16,0.2,0.0281934823007577
Southwest,4,8,,20,0.2,0.0287903013547578
Southwest,4,8,,28,0.2,0.0298432192912067
Southwest,4,8,,40,0.2,0.0320349121353005
Rocky Mountain,4,8,,4,0.2,0.0239932349425096
Rocky Mountain,4,8,,8,0.2,0.0248803842448919
Rocky Mountain,4,8,,16,0.2,0.0257614489238949
Rocky Mountain,4,8,,20,0.2,0.0267581079541128
Rocky Mountain,4,8,,28,0.2,0.0290139970110185
Rocky Mountain,4,8,,40,0.2,0.0303528798703263
Plains,4,8,,4,0.2,0.025854228925399
Plains,4,8,,8,0.2,0.0264397336579989
Plains,4,8,,16,0.2,0.0272832207016285
Plains,4,8,,20,0.2,0.0280961583612465
Plains,4,8,,28,0.2,0.0289434560680835
Plains,4,8,,40,0.2,0.0317921267090665
Great Lakes,4,8,,4,0.2,0.0319505846741918
Great Lakes,4,8,,8,0.2,0.0329635473336946
Great Lakes,4,8,,16,0.2,0.0339125172271206
Great Lakes,4,8,,20,0.2,0.0349077853404932
Great Lakes,4,8,,28,0.2,0.0371684760977163
Great Lakes,4,8,,40,0.2,0.0390188312606841
Southeast,4,8,,4,0.2,0.0287903711087909
Southeast,4,8,,8,0.2,0.0297089414429608
Southeast,4,8,,16,0.2,0.0305465906564559
Southeast,4,8,,20,0.2,0.0316399858551854
Southeast,4,8,,28,0.2,0.033521470561104
Southeast,4,8,,40,0.2,0.0351749106997675
Mideast,4,8,,4,0.2,0.0310554472720509
Mideast,4,8,,8,0.2,0.0313427992908233
Mideast,4,8,,16,0.2,0.0323769772414309
Mideast,4,8,,20,0.2,0.0334711420037783
Mideast,4,8,,28,0.2,0.0362617873683656
Mideast,4,8,,40,0.2,0.03906260107194
New England,4,8,,4,0.2,0.0307437451439937
New England,4,8,,8,0.2,0.0315210004121154
New England,4,8,,16,0.2,0.0326222102710697
New England,4,8,,20,0.2,0.0335642922888749
New England,4,8,,28,0.2,0.0356481024249784
New England,4,8,,40,0.2,0.0378932059862897
Far West,1,8,Own,4,0.2,0.0292791451811017
Far West,1,8,Own,8,0.2,0.0302750036294006
Far West,1,8,Own,16,0.2,0.0320557937018518
Far West,1,8,Own,20,0.2,0.0329768934091423
Far West,1,8,Own,28,0.2,0.0340259428633355
Far West,1,8,Own,40,0.2,0.0387455974985961
Southwest,1,8,Own,4,0.2,0.0255564605982615
Southwest,1,8,Own,8,0.2,0.0265973292690029
Southwest,1,8,Own,16,0.2,0.0288635680586106
Southwest,1,8,Own,20,0.2,0.0297255460087879
Southwest,1,8,Own,28,0.2,0.0298316003660437
Southwest,1,8,Own,40,0.2,0.0332399808892744
Rocky Mountain,1,8,Own,4,0.2,0.023207515434719
Rocky Mountain,1,8,Own,8,0.2,0.0241333276510766
Rocky Mountain,1,8,Own,16,0.2,0.0258124269327669
Rocky Mountain,1,8,Own,20,0.2,0.0268854508254819
Rocky Mountain,1,8,Own,28,0.2,0.0272429118429726
Rocky Mountain,1,8,Own,40,0.2,0.031052274486241
Plains,1,8,Own,4,0.2,0.024848350418648
Plains,1,8,Own,8,0.2,0.0255802559446942
Plains,1,8,Own,16,0.2,0.0270388762854007
Plains,1,8,Own,20,0.2,0.028007526358133
Plains,1,8,Own,28,0.2,0.0287816292423384
Plains,1,8,Own,40,0.2,0.0318681473314996
Great Lakes,1,8,Own,4,0.2,0.031669747507366
Great Lakes,1,8,Own,8,0.2,0.0328138475194492
Great Lakes,1,8,Own,16,0.2,0.0346741585085231
Great Lakes,1,8,Own,20,0.2,0.0360222661439231
Great Lakes,1,8,Own,28,0.2,0.0370389046136825
Great Lakes,1,8,Own,40,0.2,0.0408688570514245
Southeast,1,8,Own,4,0.2,0.028891926237804
Southeast,1,8,Own,8,0.2,0.0298455335885846
Southeast,1,8,Own,16,0.2,0.0316384892635828
Southeast,1,8,Own,20,0.2,0.0325065077099194
Southeast,1,8,Own,28,0.2,0.0337985593211091
Southeast,1,8,Own,40,0.2,0.0373221871411069
Mideast,1,8,Own,4,0.2,0.0292828950953875
Mideast,1,8,Own,8,0.2,0.0300144360062007
Mideast,1,8,Own,16,0.2,0.0328681106384708
Mideast,1,8,Own,20,0.2,0.0338421397391138
Mideast,1,8,Own,28,0.2,0.0352062781312976
Mideast,1,8,Own,40,0.2,0.0392283983151537
New England,1,8,Own,4,0.2,0.0301283411775811
New England,1,8,Own,8,0.2,0.0312289685276891
New England,1,8,Own,16,0.2,0.0332560927881318
New England,1,8,Own,20,0.2,0.0345079046962987
New England,1,8,Own,28,0.2,0.0355660530514434
New England,1,8,Own,40,0.2,0.0396870961215474
Far West,2,8,Own,4,0.2,0.0307939073915071
Far West,2,8,Own,8,0.2,0.0304483200041748
Far West,2,8,Own,16,0.2,0.0315699303840527
Far West,2,8,Own,20,0.2,0.0332092681485971
Far West,2,8,Own,28,0.2,0.0343311741524655
Far West,2,8,Own,40,0.2,0.0387676843199734
Southwest,2,8,Own,4,0.2,0.0254141163019483
Southwest,2,8,Own,8,0.2,0.025460878254414
Southwest,2,8,Own,16,0.2,0.027374419135808
Southwest,2,8,Own,20,0.2,0.0280709362826572
Southwest,2,8,Own,28,0.2,0.028808288990926
Southwest,2,8,Own,40,0.2,0.0320468238482209
Rocky Mountain,2,8,Own,4,0.2,0.024090869172094
Rocky Mountain,2,8,Own,8,0.2,0.0242725105154774
Rocky Mountain,2,8,Own,16,0.2,0.0256865886563952
Rocky Mountain,2,8,Own,20,0.2,0.0267538718853607
Rocky Mountain,2,8,Own,28,0.2,0.027429596060131
Rocky Mountain,2,8,Own,40,0.2,0.0305543443127521
Plains,2,8,Own,4,0.2,0.0262034007504631
Plains,2,8,Own,8,0.2,0.0259854000103124
Plains,2,8,Own,16,0.2,0.0274438696079387
Plains,2,8,Own,20,0.2,0.0284182962128142
Plains,2,8,Own,28,0.2,0.0290738736445541
Plains,2,8,Own,40,0.2,0.0322434433162163
Great Lakes,2,8,Own,4,0.2,0.0328347470927374
Great Lakes,2,8,Own,8,0.2,0.032705135440684
Great Lakes,2,8,Own,16,0.2,0.0349657937160891
Great Lakes,2,8,Own,20,0.2,0.0361498297586007
Great Lakes,2,8,Own,28,0.2,0.0368662429141841
Great Lakes,2,8,Own,40,0.2,0.0413010039769812
Southeast,2,8,Own,4,0.2,0.0301853756461706
Southeast,2,8,Own,8,0.2,0.029956584996179
Southeast,2,8,Own,16,0.2,0.0318008332209487
Southeast,2,8,Own,20,0.2,0.0325161995565459
Southeast,2,8,Own,28,0.2,0.0335702138503316
Southeast,2,8,Own,40,0.2,0.0372025583990236
Mideast,2,8,Own,4,0.2,0.0299214913896604
Mideast,2,8,Own,8,0.2,0.0300496576806
Mideast,2,8,Own,16,0.2,0.0322474175966613
Mideast,2,8,Own,20,0.2,0.0334326866204282
Mideast,2,8,Own,28,0.2,0.0346738975742548
Mideast,2,8,Own,40,0.2,0.0391693986737277
New England,2,8,Own,4,0.2,0.0310426375606046
New England,2,8,Own,8,0.2,0.031019966401782
New England,2,8,Own,16,0.2,0.0333324355978588
New England,2,8,Own,20,0.2,0.0343749195681919
New England,2,8,Own,28,0.2,0.0355298278030199
New England,2,8,Own,40,0.2,0.0388243447902587
Far West,4,8,Own,4,0.2,0.0301850196970265
Far West,4,8,Own,8,0.2,0.0308108535469063
Far West,4,8,Own,16,0.2,0.031511131007335
Far West,4,8,Own,20,0.2,0.0324713041085835
Far West,4,8,Own,28,0.2,0.0350396291629676
Far West,4,8,Own,40,0.2,0.0377260022140265
Southwest,4,8,Own,4,0.2,0.0266658559603623
Southwest,4,8,Own,8,0.2,0.0273229882398413
Southwest,4,8,Own,16,0.2,0.0282973237119729
Southwest,4,8,Own,20,0.2,0.02876093117874
Southwest,4,8,Own,28,0.2,0.0299499757587511
Southwest,4,8,Own,40,0.2,0.0320593561594741
Rocky Mountain,4,8,Own,4,0.2,0.0236031270288897
Rocky Mountain,4,8,Own,8,0.2,0.024610260358335
Rocky Mountain,4,8,Own,16,0.2,0.0254413678469063
Rocky Mountain,4,8,Own,20,0.2,0.0265691920751012
Rocky Mountain,4,8,Own,28,0.2,0.0287511804842526
Rocky Mountain,4,8,Own,40,0.2,0.0301737949894992
Plains,4,8,Own,4,0.2,0.0255481147475216
Plains,4,8,Own,8,0.2,0.0262410665954871
Plains,4,8,Own,16,0.2,0.0271402418059123
Plains,4,8,Own,20,0.2,0.0281352408401098
Plains,4,8,Own,28,0.2,0.0294054242610741
Plains,4,8,Own,40,0.2,0.0315457254265791
Great Lakes,4,8,Own,4,0.2,0.0320194969650587
Great Lakes,4,8,Own,8,0.2,0.0329554297428639
Great Lakes,4,8,Own,16,0.2,0.0340490659287146
Great Lakes,4,8,Own,20,0.2,0.0349240173424993
Great Lakes,4,8,Own,28,0.2,0.0369641328806271
Great Lakes,4,8,Own,40,0.2,0.0392327066323824
Southeast,4,8,Own,4,0.2,0.0288953064046973
Southeast,4,8,Own,8,0.2,0.0297236782912642
Southeast,4,8,Own,16,0.2,0.0307738769197956
Southeast,4,8,Own,20,0.2,0.0317040759822825
Southeast,4,8,Own,28,0.2,0.0336569660325081
Southeast,4,8,Own,40,0.2,0.0352744727322509
Mideast,4,8,Own,4,0.2,0.0311239891620255
Mideast,4,8,Own,8,0.2,0.0313943796225452
Mideast,4,8,Own,16,0.2,0.0321964194563163
Mideast,4,8,Own,20,0.2,0.0337437968989983
Mideast,4,8,Own,28,0.2,0.0361714681908265
Mideast,4,8,Own,40,0.2,0.0390530499133697
New England,4,8,Own,4,0.2,0.030619586028625
New England,4,8,Own,8,0.2,0.0315362218443513
New England,4,8,Own,16,0.2,0.0326924181481765
New England,4,8,Own,20,0.2,0.0335390218943741
New England,4,8,Own,28,0.2,0.0357413868610735
New England,4,8,Own,40,0.2,0.0379577840896093
Far West,1,8,All,4,0.2,0.0297037158114857
Far West,1,8,All,8,0.2,0.0304083211489077
Far West,1,8,All,16,0.2,0.0320648650078387
Far West,1,8,All,20,0.2,0.0332281543363112
Far West,1,8,All,28,0.2,0.0343413640886544
Far West,1,8,All,40,0.2,0.0388029469486325
Southwest,1,8,All,4,0.2,0.0254793715759336
Southwest,1,8,All,8,0.2,0.0267041692916335
Southwest,1,8,All,16,0.2,0.0285360109313195
Southwest,1,8,All,20,0.2,0.0292432651446018
Southwest,1,8,All,28,0.2,0.0296969516944837
Southwest,1,8,All,40,0.2,0.0331126016707675
Rocky Mountain,1,8,All,4,0.2,0.0237106592665521
Rocky Mountain,1,8,All,8,0.2,0.0240877160551889
Rocky Mountain,1,8,All,16,0.2,0.0258165321548496
Rocky Mountain,1,8,All,20,0.2,0.0267746878552249
Rocky Mountain,1,8,All,28,0.2,0.0274980055868793
Rocky Mountain,1,8,All,40,0.2,0.0313160050815265
Plains,1,8,All,4,0.2,0.0255228414411555
Plains,1,8,All,8,0.2,0.0259006301725425
Plains,1,8,All,16,0.2,0.0274278007812533
Plains,1,8,All,20,0.2,0.0282300500683156
Plains,1,8,All,28,0.2,0.0289267064053958
Plains,1,8,All,40,0.2,0.0320795990891435
Great Lakes,1,8,All,4,0.2,0.0320043335969987
Great Lakes,1,8,All,8,0.2,0.0331250951782894
Great Lakes,1,8,All,16,0.2,0.0353791846923376
Great Lakes,1,8,All,20,0.2,0.0361821559055938
Great Lakes,1,8,All,28,0.2,0.0376618321230596
Great Lakes,1,8,All,40,0.2,0.041430399780796
Southeast,1,8,All,4,0.2,0.0290492025780242
Southeast,1,8,All,8,0.2,0.0298286816610038
Southeast,1,8,All,16,0.2,0.0318083373047541
Southeast,1,8,All,20,0.2,0.0324420730063884
Southeast,1,8,All,28,0.2,0.033959834423538
Southeast,1,8,All,40,0.2,0.038010028116016
Mideast,1,8,All,4,0.2,0.029374563230511
Mideast,1,8,All,8,0.2,0.0300204148961592
Mideast,1,8,All,16,0.2,0.0325514220903461
Mideast,1,8,All,20,0.2,0.0336616471647832
Mideast,1,8,All,28,0.2,0.03466750188353
Mideast,1,8,All,40,0.2,0.039362640959051
New England,1,8,All,4,0.2,0.0304220493460594
New England,1,8,All,8,0.2,0.0312077595113524
New England,1,8,All,16,0.2,0.0330978027314439
New England,1,8,All,20,0.2,0.0346492044506457
New England,1,8,All,28,0.2,0.035525127076595
New England,1,8,All,40,0.2,0.0394858541862119
Far West,2,8,All,4,0.2,0.031531889893256
Far West,2,8,All,8,0.2,0.0315919755485562
Far West,2,8,All,16,0.2,0.0325705230069701
Far West,2,8,All,20,0.2,0.0339829893018579
Far West,2,8,All,28,0.2,0.0352071196739091
Far West,2,8,All,40,0.2,0.0399064761417994
Southwest,2,8,All,4,0.2,0.0269977295439898
Southwest,2,8,All,8,0.2,0.0272125455028088
Southwest,2,8,All,16,0.2,0.0286601444217546
Southwest,2,8,All,20,0.2,0.0295723445699359
Southwest,2,8,All,28,0.2,0.0297319538565118
Southwest,2,8,All,40,0.2,0.0333571611786221
Rocky Mountain,2,8,All,4,0.2,0.025570609614745
Rocky Mountain,2,8,All,8,0.2,0.0254864184216214
Rocky Mountain,2,8,All,16,0.2,0.0268160308753843
Rocky Mountain,2,8,All,20,0.2,0.0272418351455908
Rocky Mountain,2,8,All,28,0.2,0.0280788315437444
Rocky Mountain,2,8,All,40,0.2,0.0318158286885415
Plains,2,8,All,4,0.2,0.0263895732842903
Plains,2,8,All,8,0.2,0.0258769556458114
Plains,2,8,All,16,0.2,0.0275428304394815
Plains,2,8,All,20,0.2,0.0287084124026305
Plains,2,8,All,28,0.2,0.0294213666453633
Plains,2,8,All,40,0.2,0.0320544114202438
Great Lakes,2,8,All,4,0.2,0.0331759094646257
Great Lakes,2,8,All,8,0.2,0.0332943725271411
Great Lakes,2,8,All,16,0.2,0.0352686010159222
Great Lakes,2,8,All,20,0.2,0.0365245786074666
Great Lakes,2,8,All,28,0.2,0.0369649032377637
Great Lakes,2,8,All,40,0.2,0.0412888607828721
Southeast,2,8,All,4,0.2,0.0302866109458509
Southeast,2,8,All,8,0.2,0.0303156059820998
Southeast,2,8,All,16,0.2,0.0317958371588267
Southeast,2,8,All,20,0.2,0.0327981481927739
Southeast,2,8,All,28,0.2,0.0336290441757362
Southeast,2,8,All,40,0.2,0.0373773331150658
Mideast,2,8,All,4,0.2,0.0301075752980628
Mideast,2,8,All,8,0.2,0.029979194076086
Mideast,2,8,All,16,0.2,0.032485800250465
Mideast,2,8,All,20,0.2,0.0333348593605816
Mideast,2,8,All,28,0.2,0.0346893839363027
Mideast,2,8,All,40,0.2,0.038859335258625
New England,2,8,All,4,0.2,0.0310518993274368
New England,2,8,All,8,0.2,0.031164250291487
New England,2,8,All,16,0.2,0.0335433193970201
New England,2,8,All,20,0.2,0.0347430590591006
New England,2,8,All,28,0.2,0.0355735132358657
New England,2,8,All,40,0.2,0.0387813524122821
Far West,4,8,All,4,0.2,0.0301554402231943
Far West,4,8,All,8,0.2,0.0307829128097422
Far West,4,8,All,16,0.2,0.0318996165522721
Far West,4,8,All,20,0.2,0.0329258054271253
Far West,4,8,All,28,0.2,0.0352005602835359
Far West,4,8,All,40,0.2,0.0380731571487004
Southwest,4,8,All,4,0.2,0.025600256470855
Southwest,4,8,All,8,0.2,0.0262455476286941
Southwest,4,8,All,16,0.2,0.0279698425667549
Southwest,4,8,All,20,0.2,0.0284099315437944
Southwest,4,8,All,28,0.2,0.0292438013919676
Southwest,4,8,All,40,0.2,0.0319364546095534
Rocky Mountain,4,8,All,4,0.2,0.0241029399769084
Rocky Mountain,4,8,All,8,0.2,0.024953068337661
Rocky Mountain,4,8,All,16,0.2,0.0256677845515336
Rocky Mountain,4,8,All,20,0.2,0.0267379106792976
Rocky Mountain,4,8,All,28,0.2,0.0287703365195964
Rocky Mountain,4,8,All,40,0.2,0.0306602320785452
Plains,4,8,All,4,0.2,0.0258023860553017
Plains,4,8,All,8,0.2,0.0263899849950982
Plains,4,8,All,16,0.2,0.0271451079437558
Plains,4,8,All,20,0.2,0.0281220090650695
Plains,4,8,All,28,0.2,0.0290303722993786
Plains,4,8,All,40,0.2,0.0313486908514112
Great Lakes,4,8,All,4,0.2,0.0319056358717217
Great Lakes,4,8,All,8,0.2,0.0330320392191043
Great Lakes,4,8,All,16,0.2,0.0339906986791791
Great Lakes,4,8,All,20,0.2,0.0350050088471705
Great Lakes,4,8,All,28,0.2,0.0370433685937477
Great Lakes,4,8,All,40,0.2,0.0380845631609606
Southeast,4,8,All,4,0.2,0.0288982722986395
Southeast,4,8,All,8,0.2,0.029819961719205
Southeast,4,8,All,16,0.2,0.0310086576494284
Southeast,4,8,All,20,0.2,0.0317228147055704
Southeast,4,8,All,28,0.2,0.0338450686734913
Southeast,4,8,All,40,0.2,0.0350506773926344
Mideast,4,8,All,4,0.2,0.0305199177105198
Mideast,4,8,All,8,0.2,0.031298071490909
Mideast,4,8,All,16,0.2,0.0322202897451479
Mideast,4,8,All,20,0.2,0.0332433799908958
Mideast,4,8,All,28,0.2,0.0359482226124691
Mideast,4,8,All,40,0.2,0.0388497280711727
New England,4,8,All,4,0.2,0.0298276003661438
New England,4,8,All,8,0.2,0.031629354924628
New England,4,8,All,16,0.2,0.0324797028649951
New England,4,8,All,20,0.2,0.033750928764593
New England,4,8,All,28,0.2,0.0357841475000295
New England,4,8,All,40,0.2,0.038096491212161
East North Central,1,9,,4,0.2,0.0311615048919725
East North Central,1,9,,8,0.2,0.0323491257820247
East North Central,1,9,,16,0.2,0.0343820529870908
East North Central,1,9,,20,0.2,0.0355168238511438
East North Central,1,9,,28,0.2,0.0364073634828807
East North Central,1,9,,40,0.2,0.0402347107503958
East South Central,1,9,,4,0.2,0.0350741050328016
East South Central,1,9,,8,0.2,0.0356327504384582
East South Central,1,9,,16,0.2,0.0378600503496619
East South Central,1,9,,20,0.2,0.0390088781272386
East South Central,1,9,,28,0.2,0.0402909937261597
East South Central,1,9,,40,0.2,0.045319574935563
Middle Atlantic,1,9,,4,0.2,0.0301676609387078
Middle Atlantic,1,9,,8,0.2,0.0310488964954657
Middle Atlantic,1,9,,16,0.2,0.0335095676556843
Middle Atlantic,1,9,,20,0.2,0.0347394292112227
Middle Atlantic,1,9,,28,0.2,0.0358597226129678
Middle Atlantic,1,9,,40,0.2,0.0406186344817038
Mountain,1,9,,4,0.2,0.0266132897675803
Mountain,1,9,,8,0.2,0.0272950951216509
Mountain,1,9,,16,0.2,0.0294156501615038
Mountain,1,9,,20,0.2,0.029881618042653
Mountain,1,9,,28,0.2,0.0308836877974682
Mountain,1,9,,40,0.2,0.0348551139088695
New England,1,9,,4,0.2,0.0304990334950879
New England,1,9,,8,0.2,0.0315211005182055
New England,1,9,,16,0.2,0.0333816642942161
New England,1,9,,20,0.2,0.0346710547694161
New England,1,9,,28,0.2,0.0356470059935925
New England,1,9,,40,0.2,0.0399512619139305
Pacific,1,9,,4,0.2,0.0284942811334814
Pacific,1,9,,8,0.2,0.0293282276400991
Pacific,1,9,,16,0.2,0.0309391032376118
Pacific,1,9,,20,0.2,0.0317959726272963
Pacific,1,9,,28,0.2,0.0330461310676223
Pacific,1,9,,40,0.2,0.0374699780263975
South Atlantic,1,9,,4,0.2,0.0267308849927081
South Atlantic,1,9,,8,0.2,0.0273277315329978
South Atlantic,1,9,,16,0.2,0.029015895418697
South Atlantic,1,9,,20,0.2,0.0299363516123037
South Atlantic,1,9,,28,0.2,0.0308781475403663
South Atlantic,1,9,,40,0.2,0.03444457953109
West North Central,1,9,,4,0.2,0.0250407920748121
West North Central,1,9,,8,0.2,0.0256518851945019
West North Central,1,9,,16,0.2,0.0271316437641018
West North Central,1,9,,20,0.2,0.0279945510043031
West North Central,1,9,,28,0.2,0.0286971967018807
West North Central,1,9,,40,0.2,0.0314179256973428
West South Central,1,9,,4,0.2,0.0262224880640435
West South Central,1,9,,8,0.2,0.0271646833113922
West South Central,1,9,,16,0.2,0.0296317468819206
West South Central,1,9,,20,0.2,0.0300474655228057
West South Central,1,9,,28,0.2,0.0311891571844281
West South Central,1,9,,40,0.2,0.0343614374513554
East North Central,2,9,,4,0.2,0.0328143071000397
East North Central,2,9,,8,0.2,0.0323057836918331
East North Central,2,9,,16,0.2,0.0347023592378139
East North Central,2,9,,20,0.2,0.035780497790205
East North Central,2,9,,28,0.2,0.0365685375482065
East North Central,2,9,,40,0.2,0.0408057254133858
East South Central,2,9,,4,0.2,0.0354275970338461
East South Central,2,9,,8,0.2,0.0352166490862607
East South Central,2,9,,16,0.2,0.0376515197156932
East South Central,2,9,,20,0.2,0.0387957868179873
East South Central,2,9,,28,0.2,0.0406701561974921
East South Central,2,9,,40,0.2,0.0453751955678454
Middle Atlantic,2,9,,4,0.2,0.0307691646147173
Middle Atlantic,2,9,,8,0.2,0.0309208082603504
Middle Atlantic,2,9,,16,0.2,0.0333293277141749
Middle Atlantic,2,9,,20,0.2,0.0342542737227143
Middle Atlantic,2,9,,28,0.2,0.0356774582951951
Middle Atlantic,2,9,,40,0.2,0.0404014309721485
Mountain,2,9,,4,0.2,0.0268867639791152
Mountain,2,9,,8,0.2,0.0272133765291775
Mountain,2,9,,16,0.2,0.0290188928205128
Mountain,2,9,,20,0.2,0.0295269713389817
Mountain,2,9,,28,0.2,0.0306217682402119
Mountain,2,9,,40,0.2,0.0345398014310589
New England,2,9,,4,0.2,0.0308257514699584
New England,2,9,,8,0.2,0.0307895206116863
New England,2,9,,16,0.2,0.0333883682402117
New England,2,9,,20,0.2,0.0343846878229813
New England,2,9,,28,0.2,0.0353431579103546
New England,2,9,,40,0.2,0.0388095171047258
Pacific,2,9,,4,0.2,0.0290715984234252
Pacific,2,9,,8,0.2,0.0291870613495854
Pacific,2,9,,16,0.2,0.0305457929002422
Pacific,2,9,,20,0.2,0.031715753215953
Pacific,2,9,,28,0.2,0.0325597248024133
Pacific,2,9,,40,0.2,0.0369405425926603
South Atlantic,2,9,,4,0.2,0.027852248412386
South Atlantic,2,9,,8,0.2,0.0275899084987988
South Atlantic,2,9,,16,0.2,0.0293291647555206
South Atlantic,2,9,,20,0.2,0.0301045563313335
South Atlantic,2,9,,28,0.2,0.0309173575926669
South Atlantic,2,9,,40,0.2,0.0345081588390125
West North Central,2,9,,4,0.2,0.026091099030539
West North Central,2,9,,8,0.2,0.0260260794520868
West North Central,2,9,,16,0.2,0.0275721004804901
West North Central,2,9,,20,0.2,0.0281973221007199
West North Central,2,9,,28,0.2,0.029194720812878
West North Central,2,9,,40,0.2,0.0318926970701668
West South Central,2,9,,4,0.2,0.0257666014661476
West South Central,2,9,,8,0.2,0.0262050609406735
West South Central,2,9,,16,0.2,0.0283155585203164
West South Central,2,9,,20,0.2,0.0287301947104159
West South Central,2,9,,28,0.2,0.0300505428773504
West South Central,2,9,,40,0.2,0.0329773086002825
East North Central,4,9,,4,0.2,0.0319970413555452
East North Central,4,9,,8,0.2,0.032910604940353
East North Central,4,9,,16,0.2,0.033952176714346
East North Central,4,9,,20,0.2,0.0348455816211966
East North Central,4,9,,28,0.2,0.0368628220652838
East North Central,4,9,,40,0.2,0.0383658451173693
East South Central,4,9,,4,0.2,0.0350025927634685
East South Central,4,9,,8,0.2,0.0364328529469646
East South Central,4,9,,16,0.2,0.0373452069105859
East South Central,4,9,,20,0.2,0.0383844711767517
East South Central,4,9,,28,0.2,0.041713723623856
East South Central,4,9,,40,0.2,0.0444627702833361
Middle Atlantic,4,9,,4,0.2,0.0316355623768218
Middle Atlantic,4,9,,8,0.2,0.0322737488415215
Middle Atlantic,4,9,,16,0.2,0.0330876172886488
Middle Atlantic,4,9,,20,0.2,0.0344578272618529
Middle Atlantic,4,9,,28,0.2,0.0368907989889406
Middle Atlantic,4,9,,40,0.2,0.0401475297712827
Mountain,4,9,,4,0.2,0.0268704198140236
Mountain,4,9,,8,0.2,0.0278625021827872
Mountain,4,9,,16,0.2,0.0286150894983929
Mountain,4,9,,20,0.2,0.029707895781469
Mountain,4,9,,28,0.2,0.0320106511433921
Mountain,4,9,,40,0.2,0.0339027807581164
New England,4,9,,4,0.2,0.0307833382294532
New England,4,9,,8,0.2,0.0316122667735341
New England,4,9,,16,0.2,0.0326417116839538
New England,4,9,,20,0.2,0.0335419044394655
New England,4,9,,28,0.2,0.0357491234386274
New England,4,9,,40,0.2,0.0379723502340053
Pacific,4,9,,4,0.2,0.0295228291653056
Pacific,4,9,,8,0.2,0.029941422065805
Pacific,4,9,,16,0.2,0.0303481275018681
Pacific,4,9,,20,0.2,0.0315577117824448
Pacific,4,9,,28,0.2,0.0337326807240734
Pacific,4,9,,40,0.2,0.0365271368086104
South Atlantic,4,9,,4,0.2,0.0263006821550486
South Atlantic,4,9,,8,0.2,0.0272845087048811
South Atlantic,4,9,,16,0.2,0.0282807048215758
South Atlantic,4,9,,20,0.2,0.0292457810220174
South Atlantic,4,9,,28,0.2,0.0311067840255215
South Atlantic,4,9,,40,0.2,0.0331442287849055
West North Central,4,9,,4,0.2,0.0258213204116913
West North Central,4,9,,8,0.2,0.0265652703706599
West North Central,4,9,,16,0.2,0.0271878731197994
West North Central,4,9,,20,0.2,0.0283089349491334
West North Central,4,9,,28,0.2,0.0292453168095858
West North Central,4,9,,40,0.2,0.0316979073305939
West South Central,4,9,,4,0.2,0.0268531490060488
West South Central,4,9,,8,0.2,0.0278635720544267
West South Central,4,9,,16,0.2,0.029068248667321
West South Central,4,9,,20,0.2,0.0296508819286096
West South Central,4,9,,28,0.2,0.0311208217963584
West South Central,4,9,,40,0.2,0.0333887073585583
East North Central,1,9,Own,4,0.2,0.0319181322414267
East North Central,1,9,Own,8,0.2,0.0329390021537126
East North Central,1,9,Own,16,0.2,0.0345250285354528
East North Central,1,9,Own,20,0.2,0.0355245456504752
East North Central,1,9,Own,28,0.2,0.0367113057590244
East North Central,1,9,Own,40,0.2,0.0405386292705861
East South Central,1,9,Own,4,0.2,0.0349457251202787
East South Central,1,9,Own,8,0.2,0.0356991025203356
East South Central,1,9,Own,16,0.2,0.0377707338390038
East South Central,1,9,Own,20,0.2,0.0389791282618809
East South Central,1,9,Own,28,0.2,0.0399475999234667
East South Central,1,9,Own,40,0.2,0.0456952204985503
Middle Atlantic,1,9,Own,4,0.2,0.030171267255422
Middle Atlantic,1,9,Own,8,0.2,0.0310217118876448
Middle Atlantic,1,9,Own,16,0.2,0.0336859792975647
Middle Atlantic,1,9,Own,20,0.2,0.0348943781330365
Middle Atlantic,1,9,Own,28,0.2,0.0358076310748965
Middle Atlantic,1,9,Own,40,0.2,0.0408932453134484
Mountain,1,9,Own,4,0.2,0.0264371771822168
Mountain,1,9,Own,8,0.2,0.0272975283815735
Mountain,1,9,Own,16,0.2,0.0295903507161817
Mountain,1,9,Own,20,0.2,0.0299040524209529
Mountain,1,9,Own,28,0.2,0.0304716611462175
Mountain,1,9,Own,40,0.2,0.0345412229133326
New England,1,9,Own,4,0.2,0.0302772091712492
New England,1,9,Own,8,0.2,0.030873815845862
New England,1,9,Own,16,0.2,0.0332142932071223
New England,1,9,Own,20,0.2,0.0343982180680333
New England,1,9,Own,28,0.2,0.0356472045158325
New England,1,9,Own,40,0.2,0.0394461570168474
Pacific,1,9,Own,4,0.2,0.0286028462763764
Pacific,1,9,Own,8,0.2,0.0295170286914729
Pacific,1,9,Own,16,0.2,0.0309174738245044
Pacific,1,9,Own,20,0.2,0.032024692547141
Pacific,1,9,Own,28,0.2,0.0329787339475879
Pacific,1,9,Own,40,0.2,0.0373980031833555
South Atlantic,1,9,Own,4,0.2,0.0267758227912334
South Atlantic,1,9,Own,8,0.2,0.0276750771507101
South Atlantic,1,9,Own,16,0.2,0.0293095792029247
South Atlantic,1,9,Own,20,0.2,0.0301042786827237
South Atlantic,1,9,Own,28,0.2,0.0309543034814756
South Atlantic,1,9,Own,40,0.2,0.0344193668580832
West North Central,1,9,Own,4,0.2,0.0249346041541801
West North Central,1,9,Own,8,0.2,0.0256263273944404
West North Central,1,9,Own,16,0.2,0.0271024544310445
West North Central,1,9,Own,20,0.2,0.0280654970345435
West North Central,1,9,Own,28,0.2,0.0286917888456638
West North Central,1,9,Own,40,0.2,0.0317509954263827
West South Central,1,9,Own,4,0.2,0.0264565715556371
West South Central,1,9,Own,8,0.2,0.0269870162511768
West South Central,1,9,Own,16,0.2,0.0295259009599663
West South Central,1,9,Own,20,0.2,0.0303679379604939
West South Central,1,9,Own,28,0.2,0.0311591932352525
West South Central,1,9,Own,40,0.2,0.0343081655621731
East North Central,2,9,Own,4,0.2,0.0330218336788506
East North Central,2,9,Own,8,0.2,0.0326354074435095
East North Central,2,9,Own,16,0.2,0.0349141036441953
East North Central,2,9,Own,20,0.2,0.0358859904351827
East North Central,2,9,Own,28,0.2,0.0365006196094759
East North Central,2,9,Own,40,0.2,0.0407141051372774
East South Central,2,9,Own,4,0.2,0.035385057823567
East South Central,2,9,Own,8,0.2,0.0355525020361056
East South Central,2,9,Own,16,0.2,0.0378066952015005
East South Central,2,9,Own,20,0.2,0.0387309647509166
East South Central,2,9,Own,28,0.2,0.0408170010933417
East South Central,2,9,Own,40,0.2,0.0454977591924127
Middle Atlantic,2,9,Own,4,0.2,0.0308428134701065
Middle Atlantic,2,9,Own,8,0.2,0.0308218476673028
Middle Atlantic,2,9,Own,16,0.2,0.033218710325821
Middle Atlantic,2,9,Own,20,0.2,0.0343625047521076
Middle Atlantic,2,9,Own,28,0.2,0.0356214977386083
Middle Atlantic,2,9,Own,40,0.2,0.0403145562807013
Mountain,2,9,Own,4,0.2,0.0271867358895222
Mountain,2,9,Own,8,0.2,0.0270077725435646
Mountain,2,9,Own,16,0.2,0.0288314776808856
Mountain,2,9,Own,20,0.2,0.0296179155704244
Mountain,2,9,Own,28,0.2,0.0304525259948084
Mountain,2,9,Own,40,0.2,0.0344571048436709
New England,2,9,Own,4,0.2,0.0309967810837885
New England,2,9,Own,8,0.2,0.0309563613054227
New England,2,9,Own,16,0.2,0.0331726676848019
New England,2,9,Own,20,0.2,0.034564696055098
New England,2,9,Own,28,0.2,0.0354278120356382
New England,2,9,Own,40,0.2,0.0388537385335037
Pacific,2,9,Own,4,0.2,0.0297761050239053
Pacific,2,9,Own,8,0.2,0.030034705743013
Pacific,2,9,Own,16,0.2,0.0307077427788638
Pacific,2,9,Own,20,0.2,0.0320212220847984
Pacific,2,9,Own,28,0.2,0.0330603167078102
Pacific,2,9,Own,40,0.2,0.0374808580227441
South Atlantic,2,9,Own,4,0.2,0.0279558140672443
South Atlantic,2,9,Own,8,0.2,0.0276881947911425
South Atlantic,2,9,Own,16,0.2,0.0294288699114779
South Atlantic,2,9,Own,20,0.2,0.0299868290174648
South Atlantic,2,9,Own,28,0.2,0.0308760147041793
South Atlantic,2,9,Own,40,0.2,0.0346472404626318
West North Central,2,9,Own,4,0.2,0.0260300180718619
West North Central,2,9,Own,8,0.2,0.0260305712133401
West North Central,2,9,Own,16,0.2,0.0276772648992306
West North Central,2,9,Own,20,0.2,0.0282492575521757
West North Central,2,9,Own,28,0.2,0.0291142203049266
West North Central,2,9,Own,40,0.2,0.031791206800209
West South Central,2,9,Own,4,0.2,0.025774841706161
West South Central,2,9,Own,8,0.2,0.0262787286644818
West South Central,2,9,Own,16,0.2,0.02775506841558
West South Central,2,9,Own,20,0.2,0.0287965176915323
West South Central,2,9,Own,28,0.2,0.0300869946717567
West South Central,2,9,Own,40,0.2,0.0330059625719234
East North Central,4,9,Own,4,0.2,0.0320317173112584
East North Central,4,9,Own,8,0.2,0.0329428214178106
East North Central,4,9,Own,16,0.2,0.0340348275436804
East North Central,4,9,Own,20,0.2,0.0351375367628828
East North Central,4,9,Own,28,0.2,0.0366950733206789
East North Central,4,9,Own,40,0.2,0.0387663369009371
East South Central,4,9,Own,4,0.2,0.0351212779958773
East South Central,4,9,Own,8,0.2,0.0365719982104378
East South Central,4,9,Own,16,0.2,0.0374198594479818
East South Central,4,9,Own,20,0.2,0.0384031688225056
East South Central,4,9,Own,28,0.2,0.0416744162476841
East South Central,4,9,Own,40,0.2,0.0445982622216223
Middle Atlantic,4,9,Own,4,0.2,0.0316991420573942
Middle Atlantic,4,9,Own,8,0.2,0.0322317161364271
Middle Atlantic,4,9,Own,16,0.2,0.0332899477517584
Middle Atlantic,4,9,Own,20,0.2,0.0345322253457366
Middle Atlantic,4,9,Own,28,0.2,0.0369515848226015
Middle Atlantic,4,9,Own,40,0.2,0.0400070154102947
Mountain,4,9,Own,4,0.2,0.0268514807222583
Mountain,4,9,Own,8,0.2,0.027754297645378
Mountain,4,9,Own,16,0.2,0.0287542596677097
Mountain,4,9,Own,20,0.2,0.0296366797344295
Mountain,4,9,Own,28,0.2,0.0321170080038228
Mountain,4,9,Own,40,0.2,0.0338527899700794
New England,4,9,Own,4,0.2,0.0305615520431793
New England,4,9,Own,8,0.2,0.0315845139715284
New England,4,9,Own,16,0.2,0.0325088721414172
New England,4,9,Own,20,0.2,0.0336616291288579
New England,4,9,Own,28,0.2,0.0357055590595541
New England,4,9,Own,40,0.2,0.0378446726846113
Pacific,4,9,Own,4,0.2,0.0296481334638956
Pacific,4,9,Own,8,0.2,0.0299418340975714
Pacific,4,9,Own,16,0.2,0.0305586730720209
Pacific,4,9,Own,20,0.2,0.031464934276828
Pacific,4,9,Own,28,0.2,0.03370070248108
Pacific,4,9,Own,40,0.2,0.0366830900781643
South Atlantic,4,9,Own,4,0.2,0.0264511189945788
South Atlantic,4,9,Own,8,0.2,0.0272783636709045
South Atlantic,4,9,Own,16,0.2,0.0283553665151994
South Atlantic,4,9,Own,20,0.2,0.0293470046169562
South Atlantic,4,9,Own,28,0.2,0.0309766505237436
South Atlantic,4,9,Own,40,0.2,0.0331411985860666
West North Central,4,9,Own,4,0.2,0.0255890827502372
West North Central,4,9,Own,8,0.2,0.026394991730115
West North Central,4,9,Own,16,0.2,0.027153085911834
West North Central,4,9,Own,20,0.2,0.0279476715931336
West North Central,4,9,Own,28,0.2,0.0293570358176611
West North Central,4,9,Own,40,0.2,0.0316443045460276
West South Central,4,9,Own,4,0.2,0.026782524735022
West South Central,4,9,Own,8,0.2,0.0276183038358301
West South Central,4,9,Own,16,0.2,0.0288216967409203
West South Central,4,9,Own,20,0.2,0.0295103810633051
West South Central,4,9,Own,28,0.2,0.0309097958302213
West South Central,4,9,Own,40,0.2,0.0336189331017125
East North Central,1,9,All,4,0.2,0.0322338017796478
East North Central,1,9,All,8,0.2,0.0334511308788944
East North Central,1,9,All,16,0.2,0.0351786348749649
East North Central,1,9,All,20,0.2,0.0362473617498245
East North Central,1,9,All,28,0.2,0.0376454034749532
East North Central,1,9,All,40,0.2,0.0414453774472944
East South Central,1,9,All,4,0.2,0.0350747738845692
East South Central,1,9,All,8,0.2,0.035812187675862
East South Central,1,9,All,16,0.2,0.0377371353392293
East South Central,1,9,All,20,0.2,0.0389828366258294
East South Central,1,9,All,28,0.2,0.0402843789394495
East South Central,1,9,All,40,0.2,0.0455502054568256
Middle Atlantic,1,9,All,4,0.2,0.0303418822205695
Middle Atlantic,1,9,All,8,0.2,0.0309137063195257
Middle Atlantic,1,9,All,16,0.2,0.0336318506354842
Middle Atlantic,1,9,All,20,0.2,0.0347119422065817
Middle Atlantic,1,9,All,28,0.2,0.0355350851386464
Middle Atlantic,1,9,All,40,0.2,0.040317609687504
Mountain,1,9,All,4,0.2,0.0262496297982479
Mountain,1,9,All,8,0.2,0.0270565468013483
Mountain,1,9,All,16,0.2,0.0291567813741999
Mountain,1,9,All,20,0.2,0.0298483611301921
Mountain,1,9,All,28,0.2,0.0312044285784429
Mountain,1,9,All,40,0.2,0.0356809607691743
New England,1,9,All,4,0.2,0.0303061023717812
New England,1,9,All,8,0.2,0.0311802340537611
New England,1,9,All,16,0.2,0.0331387475123111
New England,1,9,All,20,0.2,0.0344421344244503
New England,1,9,All,28,0.2,0.0353922034148355
New England,1,9,All,40,0.2,0.0397609445103476
Pacific,1,9,All,4,0.2,0.0287929757942735
Pacific,1,9,All,8,0.2,0.0296130216706522
Pacific,1,9,All,16,0.2,0.0311863724950411
Pacific,1,9,All,20,0.2,0.0323266907396007
Pacific,1,9,All,28,0.2,0.0332645173682289
Pacific,1,9,All,40,0.2,0.0376173461430922
South Atlantic,1,9,All,4,0.2,0.0266443042503309
South Atlantic,1,9,All,8,0.2,0.0275432610612539
South Atlantic,1,9,All,16,0.2,0.0291305576073597
South Atlantic,1,9,All,20,0.2,0.0302704517971819
South Atlantic,1,9,All,28,0.2,0.031323359922996
South Atlantic,1,9,All,40,0.2,0.0349552728217662
West North Central,1,9,All,4,0.2,0.0256307106826718
West North Central,1,9,All,8,0.2,0.025992812337761
West North Central,1,9,All,16,0.2,0.0274026982132259
West North Central,1,9,All,20,0.2,0.0283533758186864
West North Central,1,9,All,28,0.2,0.0289489415606715
West North Central,1,9,All,40,0.2,0.0319951295647576
West South Central,1,9,All,4,0.2,0.026784893731158
West South Central,1,9,All,8,0.2,0.0275341664509164
West South Central,1,9,All,16,0.2,0.0294476424177203
West South Central,1,9,All,20,0.2,0.0301057509017943
West South Central,1,9,All,28,0.2,0.0305408909140629
West South Central,1,9,All,40,0.2,0.034354309418107
East North Central,2,9,All,4,0.2,0.0333824034914225
East North Central,2,9,All,8,0.2,0.0330385833134605
East North Central,2,9,All,16,0.2,0.0353073216514939
East North Central,2,9,All,20,0.2,0.0365691859924263
East North Central,2,9,All,28,0.2,0.0367767432200345
East North Central,2,9,All,40,0.2,0.0410517592153879
East South Central,2,9,All,4,0.2,0.0358030951710464
East South Central,2,9,All,8,0.2,0.0361298203338677
East South Central,2,9,All,16,0.2,0.0380315133595455
East South Central,2,9,All,20,0.2,0.0391624608196524
East South Central,2,9,All,28,0.2,0.0412142753871679
East South Central,2,9,All,40,0.2,0.0463271634904453
Middle Atlantic,2,9,All,4,0.2,0.0307397126619067
Middle Atlantic,2,9,All,8,0.2,0.031019305254314
Middle Atlantic,2,9,All,16,0.2,0.0334084370770242
Middle Atlantic,2,9,All,20,0.2,0.0343489144204928
Middle Atlantic,2,9,All,28,0.2,0.0355728256178169
Middle Atlantic,2,9,All,40,0.2,0.0401367776238619
Mountain,2,9,All,4,0.2,0.0292144155976509
Mountain,2,9,All,8,0.2,0.0293787146927873
Mountain,2,9,All,16,0.2,0.030515227269475
Mountain,2,9,All,20,0.2,0.0314139597695546
Mountain,2,9,All,28,0.2,0.0324506782100969
Mountain,2,9,All,40,0.2,0.0364185950808988
New England,2,9,All,4,0.2,0.031295238028897
New England,2,9,All,8,0.2,0.0314100794628488
New England,2,9,All,16,0.2,0.0336796793131796
New England,2,9,All,20,0.2,0.034774056518293
New England,2,9,All,28,0.2,0.0358610330560638
New England,2,9,All,40,0.2,0.039146620034313
Pacific,2,9,All,4,0.2,0.0307185006017818
Pacific,2,9,All,8,0.2,0.0308951353904582
Pacific,2,9,All,16,0.2,0.0313127484476666
Pacific,2,9,All,20,0.2,0.0327508736806762
Pacific,2,9,All,28,0.2,0.0338976048442928
Pacific,2,9,All,40,0.2,0.0386737722865823
South Atlantic,2,9,All,4,0.2,0.0274076818035581
South Atlantic,2,9,All,8,0.2,0.0274702316061974
South Atlantic,2,9,All,16,0.2,0.0291532400645441
South Atlantic,2,9,All,20,0.2,0.0301810711409287
South Atlantic,2,9,All,28,0.2,0.0310890465512431
South Atlantic,2,9,All,40,0.2,0.0348864441547002
West North Central,2,9,All,4,0.2,0.0275043477430526
West North Central,2,9,All,8,0.2,0.0264320422232028
West North Central,2,9,All,16,0.2,0.0280922796384236
West North Central,2,9,All,20,0.2,0.0287862810061732
West North Central,2,9,All,28,0.2,0.0295078294519149
West North Central,2,9,All,40,0.2,0.0318889263359573
West South Central,2,9,All,4,0.2,0.0270180366602894
West South Central,2,9,All,8,0.2,0.0266851053745599
West South Central,2,9,All,16,0.2,0.0285030476366525
West South Central,2,9,All,20,0.2,0.0291573713789779
West South Central,2,9,All,28,0.2,0.0299622981668392
West South Central,2,9,All,40,0.2,0.0336864267305472
East North Central,4,9,All,4,0.2,0.031915560548786
East North Central,4,9,All,8,0.2,0.0331319552452339
East North Central,4,9,All,16,0.2,0.0341610292235517
East North Central,4,9,All,20,0.2,0.0352513002230737
East North Central,4,9,All,28,0.2,0.0367759852654414
East North Central,4,9,All,40,0.2,0.0386905255744877
East South Central,4,9,All,4,0.2,0.0352905587925042
East South Central,4,9,All,8,0.2,0.036460150020748
East South Central,4,9,All,16,0.2,0.0376822590775248
East South Central,4,9,All,20,0.2,0.0385786641908725
East South Central,4,9,All,28,0.2,0.0417672267040593
East South Central,4,9,All,40,0.2,0.0445723218999332
Middle Atlantic,4,9,All,4,0.2,0.0310719849882667
Middle Atlantic,4,9,All,8,0.2,0.0318818027917882
Middle Atlantic,4,9,All,16,0.2,0.0328081676108623
Middle Atlantic,4,9,All,20,0.2,0.0340669145773537
Middle Atlantic,4,9,All,28,0.2,0.0366175511525669
Middle Atlantic,4,9,All,40,0.2,0.039830867332708
Mountain,4,9,All,4,0.2,0.0270297136104334
Mountain,4,9,All,8,0.2,0.0281983798092938
Mountain,4,9,All,16,0.2,0.0289953464616811
Mountain,4,9,All,20,0.2,0.0298266809305084
Mountain,4,9,All,28,0.2,0.031904658822079
Mountain,4,9,All,40,0.2,0.0340104888590124
New England,4,9,All,4,0.2,0.0296953633048435
New England,4,9,All,8,0.2,0.0316104766900121
New England,4,9,All,16,0.2,0.0324459378067696
New England,4,9,All,20,0.2,0.0334632288676553
New England,4,9,All,28,0.2,0.0356548460560936
New England,4,9,All,40,0.2,0.0380222520943118
Pacific,4,9,All,4,0.2,0.029256305469712
Pacific,4,9,All,8,0.2,0.0300134760647741
Pacific,4,9,All,16,0.2,0.0306550078797927
Pacific,4,9,All,20,0.2,0.031587043934199
Pacific,4,9,All,28,0.2,0.0342875846180865
Pacific,4,9,All,40,0.2,0.0366888600306727
South Atlantic,4,9,All,4,0.2,0.0264085382765723
South Atlantic,4,9,All,8,0.2,0.0273437372475825
South Atlantic,4,9,All,16,0.2,0.0284560810064492
South Atlantic,4,9,All,20,0.2,0.0293264607013102
South Atlantic,4,9,All,28,0.2,0.0311577792288123
South Atlantic,4,9,All,40,0.2,0.0332008838097423
West North Central,4,9,All,4,0.2,0.0257880705961119
West North Central,4,9,All,8,0.2,0.0263750326891523
West North Central,4,9,All,16,0.2,0.0273476312274435
West North Central,4,9,All,20,0.2,0.0280972135089956
West North Central,4,9,All,28,0.2,0.0292033086357039
West North Central,4,9,All,40,0.2,0.0318853481727515
West South Central,4,9,All,4,0.2,0.026066747841476
West South Central,4,9,All,8,0.2,0.0271241945241172
West South Central,4,9,All,16,0.2,0.028578596510063
West South Central,4,9,All,20,0.2,0.029062507493623
West South Central,4,9,All,28,0.2,0.0305246137010997
West South Central,4,9,All,40,0.2,0.03331619974151171
