date,CPI,logCPI,logCPIDiff,Federal Funds Rate,Shadow Rate (First Month of Quarter) ,Financial Stress Index,NFCI,STOCHVOL_Far West,GROWTH RATE_Far West,STOCHVOL_Southwest,GROWTH RATE_Southwest,STOCHVOL_Rocky Mountain,GROWTH RATE_Rocky Mountain,STOCHVOL_Plains,GROWTH RATE_Plains,STOCHVOL_Great Lakes,GROWTH RATE_Great Lakes,STOCHVOL_Southeast,GROWTH RATE_Southeast,STOCHVOL_Mideast,GROWTH RATE_Mideast,STOCHVOL_New England,GROWTH RATE_New England
1997.1.1 0:00,67.35100576,1.828344086,,0.0539,0.052257831,-0.329315385,-0.71989,,,,,,,,,,,,,,,,
1997.4.1 0:00,67.50570634,1.829340486,0.0009964,0.0556,0.054583318,-0.221623077,-0.67621,0.01036406,0.016643951,0.00921025,0.01533914,0.01124756,0.018715769,0.004956891,0.007919811,0.00694963,0.008963689,0.00863415,0.013029466,0.0029276,0.005741592,0.007041718,0.009968019
1997.7.1 0:00,67.84323487,1.831506548,0.002166062,0.0554,0.053474011,-0.267730769,-0.68332,0.01007545,0.016371465,0.009129888,0.015107406,0.01145901,0.018371924,0.0045881,0.007857581,0.00663597,0.008884055,0.00862138,0.012861883,0.00264404,0.005708814,0.006728579,0.009869638
1997.10.1 0:00,68.20889078,1.833840987,0.002334439,0.055,0.053791004,-0.059576923,-0.56013,0.00992014,0.016107758,0.008823386,0.014882569,0.01136186,0.018040486,0.004408783,0.00779632,0.00652124,0.008805823,0.00861846,0.012698555,0.00252343,0.005676408,0.006623098,0.00977318
1998.1.1 0:00,68.34952767,1.834735518,0.000894531,0.0549,0.053599361,-0.286030769,-0.63391,0.00980111,0.015852411,0.008551792,0.014664326,0.01109228,0.017720794,0.004263743,0.007736008,0.0064188,0.008728958,0.00846848,0.012539324,0.00258113,0.005644369,0.00647078,0.00967859
1998.4.1 0:00,68.57454669,1.836162945,0.001427428,0.0556,0.053314352,-0.226438462,-0.62438,0.00960658,0.015605033,0.008104837,0.014452391,0.01085698,0.017412235,0.004198376,0.007676622,0.00638323,0.008653422,0.00834649,0.012384037,0.00270122,0.005612688,0.006463981,0.009585813
1998.7.1 0:00,68.92613891,1.838383951,0.002221006,0.0551,0.052316232,0.2426,-0.42723,0.00960838,0.015365258,0.007538517,0.014246495,0.01053373,0.017114238,0.004161814,0.00761814,0.00641484,0.008579183,0.00818504,0.012232548,0.00302484,0.005581362,0.006466018,0.009494797
1998.10.1 0:00,69.24960376,1.840417293,0.002033342,0.0468,0.047335886,0.620638462,-0.0939,0.00976439,0.01513274,0.006741554,0.014046383,0.01009084,0.016826269,0.004095403,0.007560543,0.00660475,0.008506207,0.00799823,0.012084721,0.00383992,0.005550383,0.006674335,0.009405494
1999.1.1 0:00,69.50275015,1.84200199,0.001584697,0.0481,0.047586639,0.1534,-0.33477,0.01028806,0.017182595,0.005437527,0.011063852,0.00947003,0.015137142,0.00404026,0.007215559,0.00712595,0.009659964,0.00790688,0.012569952,0.00572808,0.010997517,0.007263784,0.010700375
1999.4.1 0:00,70.02310664,1.845241375,0.003239385,0.0476,0.047441302,0.026123077,-0.42652,0.01036932,0.016892341,0.004753008,0.010942783,0.00899137,0.014911425,0.004089912,0.007163868,0.00756498,0.009567542,0.00770725,0.01241391,0.00672617,0.010877887,0.007575428,0.01058709
1999.7.1 0:00,70.54346313,1.848456776,0.003215402,0.0522,0.049348986,0.195161538,-0.22893,0.01031745,0.01661173,0.004197074,0.010824334,0.00885413,0.014692342,0.004284125,0.007112912,0.00798603,0.009476872,0.00713518,0.012261695,0.00716303,0.010760832,0.008042254,0.010476177
1999.10.1 0:00,71.06381961,1.851648547,0.00319177,0.053,0.053149207,0.163,-0.19919,0.01022406,0.01634029,0.003656779,0.010708423,0.00885467,0.014479602,0.004790538,0.007062675,0.00914738,0.009387904,0.00605876,0.012113167,0.00699682,0.01064627,0.009233779,0.010367565
2000.1.1 0:00,71.76700405,1.855924817,0.00427627,0.0585,0.05851752,0.0114,-0.22328,0.01013218,0.016461791,0.00289052,0.009181576,0.00912258,0.016029912,0.006059156,0.010941376,0.01195505,0.007204278,0.00425574,0.007742289,0.0065044,0.009378383,0.012000849,0.017676681
2000.4.1 0:00,72.32955161,1.859315773,0.003390956,0.0653,0.061628009,0.369192308,-0.06935,0.00995563,0.016195189,0.00255625,0.009098041,0.00906752,0.015777008,0.00664011,0.010822958,0.01267554,0.007152748,0.00346068,0.007682807,0.00603879,0.009291246,0.01271497,0.017369643
2000.7.1 0:00,72.99054498,1.863266606,0.003950834,0.0652,0.064082125,0.064607692,-0.1819,0.00980427,0.015937085,0.00240292,0.009016013,0.00883078,0.015531961,0.006771247,0.010707075,0.01202928,0.007101949,0.00302468,0.007624231,0.00537811,0.009205713,0.012149365,0.017073089
2000.10.1 0:00,73.51090147,1.866351749,0.003085142,0.064,0.066467521,0.456684615,-0.14643,0.00991539,0.015687079,0.00242812,0.008935451,0.00823487,0.015294408,0.006679942,0.010593648,0.00998695,0.007051867,0.00279838,0.007566542,0.00439238,0.009121741,0.010080331,0.016786492
2001.1.1 0:00,74.21408591,1.870486343,0.004134594,0.0531,0.050428576,0.503715385,-0.23147,0.01049926,-0.00129076,0.002560477,0.006133047,0.00735172,0.003036788,0.006416083,-0.000273627,0.00601984,-0.002366506,0.00265335,0.004122735,0.00281532,0.004363699,0.006057279,0.003229982
2001.4.1 0:00,74.7344424,1.873520799,0.003034456,0.0397,0.038288098,0.456938462,-0.37157,0.01039014,-0.001292428,0.002655268,0.006095662,0.00697709,0.003027594,0.006110901,-0.000273702,0.00455124,-0.00237212,0.00248944,0.004105808,0.00221086,0.00434474,0.004562549,0.003219583
2001.7.1 0:00,74.94539773,1.874744969,0.00122417,0.0307,0.030456881,0.579223077,-0.40569,0.01000232,-0.001294101,0.002722733,0.00605873,0.0067578,0.003018455,0.005789027,-0.000273777,0.00405575,-0.00237776,0.00232736,0.004089019,0.00208385,0.004325945,0.004044641,0.00320925
2001.10.1 0:00,74.88914297,1.874418861,-0.000326108,0.0182,0.015747524,0.682923077,-0.32644,0.00897551,-0.001295778,0.002769853,0.006022243,0.00666739,0.003009371,0.005159613,-0.000273852,0.00407225,-0.002383427,0.00213716,0.004072367,0.00228297,0.004307312,0.00405828,0.003198984
2002.1.1 0:00,75.12822568,1.875803132,0.001384272,0.0173,0.009533701,0.348192308,-0.42074,0.00677246,0.00454344,0.00281261,0.006124969,0.00665342,0.002788009,0.004037257,0.006026021,0.00456846,0.004537564,0.00176701,0.006393069,0.00301195,0.001100773,0.004560046,0.00133152
2002.4.1 0:00,75.71890061,1.8792043,0.003401168,0.0175,0.009323659,0.396284615,-0.55466,0.00566703,0.00452289,0.002893886,0.006087682,0.00656079,0.002780258,0.003575237,0.005989925,0.00470057,0.004517067,0.0016524,0.006352458,0.00336165,0.001099563,0.004740486,0.00132975
2002.7.1 0:00,76.12674759,1.881537276,0.002332976,0.0175,0.011465472,1.046792308,-0.37423,0.00494363,0.004502526,0.003070282,0.006050846,0.00652264,0.00277255,0.003473512,0.00595426,0.00445267,0.004496755,0.00172886,0.006312359,0.00340323,0.001098355,0.004560803,0.001327984
2002.10.1 0:00,76.57678563,1.884097133,0.002559857,0.0124,0.014435582,0.867823077,-0.36919,0.00418035,0.004482344,0.003432707,0.006014454,0.0062562,0.002764884,0.00367029,0.005919016,0.00385503,0.004476625,0.00208934,0.006272763,0.00311598,0.00109715,0.003915823,0.001326223
2003.1.1 0:00,77.36435221,1.888540893,0.004443761,0.0125,0.01016596,0.658453846,-0.45506,0.00320336,0.009118983,0.004226894,0.00432019,0.00567617,0.00439578,0.004380952,0.008523336,0.00268596,0.005158577,0.00304007,0.008757075,0.00250184,0.003296237,0.002711122,0.004889755
2003.4.1 0:00,77.23777901,1.887829777,-0.000711116,0.0122,0.01012946,0.300038462,-0.64844,0.00276752,0.009036578,0.004837912,0.004301607,0.00535237,0.004376542,0.004680198,0.008451302,0.00231248,0.005132103,0.0035983,0.008681054,0.00220573,0.003285407,0.002337828,0.004865962
2003.7.1 0:00,77.81439025,1.891059919,0.003230142,0.0101,0.009373367,0.098923077,-0.64776,0.00258249,0.00895565,0.005275968,0.004283182,0.00518329,0.004357471,0.004946351,0.008380477,0.00239125,0.005105899,0.00403688,0.008606342,0.00211762,0.003274649,0.002431428,0.004842399
2003.10.1 0:00,78.10972771,1.892705124,0.001645205,0.0098,0.008335961,-0.251123077,-0.68118,0.00258177,0.008876158,0.005827514,0.004264915,0.00493298,0.004338566,0.005198559,0.008310828,0.0030436,0.005079961,0.00472613,0.008532905,0.00226839,0.00326396,0.003094645,0.004819063
2004.1.1 0:00,78.77072109,1.896364821,0.003659697,0.01,0.007529912,-0.424369231,-0.7656,0.00283469,0.009253129,0.006826705,0.013390853,0.00461891,0.008237027,0.005662896,0.009517502,0.00494486,0.006609232,0.0059441,0.011325462,0.00267285,0.006503628,0.005011918,0.010373881
2004.4.1 0:00,79.3895234,1.899763195,0.003398374,0.0103,0.008692648,-0.572992308,-0.72691,0.00328112,0.009168294,0.00745347,0.013213907,0.00483617,0.008169733,0.006181572,0.009427773,0.00593228,0.006565837,0.00693655,0.011198633,0.00297761,0.006461604,0.005953577,0.010267369
2004.7.1 0:00,79.89581619,1.902524038,0.002760843,0.0161,0.014383094,-0.5463,-0.69084,0.00416098,0.009085,0.008400795,0.013041577,0.00591975,0.008103529,0.006854076,0.00933972,0.00624893,0.006523008,0.00822942,0.011074612,0.00313861,0.00642012,0.006235416,0.010163021
2004.10.1 0:00,80.75370121,1.907162437,0.004638399,0.0216,0.020808223,-0.751457143,-0.71356,0.00622864,0.009003206,0.010266062,0.012873684,0.00881309,0.00803839,0.008195928,0.009253297,0.00595573,0.006480734,0.01043137,0.010953308,0.00338059,0.006379165,0.006093683,0.010060774
2005.1.1 0:00,81.16154819,1.909350323,0.002187886,0.0263,0.026782117,-0.859141667,-0.70915,0.01139841,0.030244481,0.015230459,0.031036812,0.01678197,0.045483068,0.011157575,0.02449004,0.00538012,0.013029966,0.01561388,0.035101246,0.0038672,0.006909437,0.00529515,0.009840378
2005.4.1 0:00,81.71003205,1.912275381,0.002925058,0.0304,0.030767634,-0.695584615,-0.64361,0.00821068,0.010001103,0.011643203,0.000923014,0.01077324,0.008394881,0.008136988,0.005031091,0.00406211,0.004855228,0.00965106,0.007606708,0.00444046,0.00750875,0.004066076,0.005031582
2005.7.1 0:00,82.94763667,1.918804017,0.006528636,0.0362,0.035764782,-0.840435714,-0.62575,0.00730439,0.010374139,0.010376251,0.003504379,0.00911675,0.006853501,0.007621528,0.008658499,0.00409382,0.004147948,0.00769052,0.010690381,0.00497969,0.008851373,0.004105573,0.006098505
2005.10.1 0:00,83.72113955,1.922835131,0.004031114,0.0416,0.04200079,-0.761930769,-0.606,0.00774081,0.010254033,0.011750911,0.00839421,0.00975033,0.000924292,0.008113454,-0.003129192,0.00506832,-0.000418791,0.00680158,0.00400523,0.00511563,0.009059558,0.005078101,0.007719938
2006.1.1 0:00,84.15711391,1.925090833,0.002255702,0.0459,0.045346238,-1.005661538,-0.63306,0.00991063,0.020692988,0.019025577,0.043948788,0.01132419,0.025889631,0.007766408,0.008755408,0.00695089,0.005183447,0.00746825,0.014050652,0.00481545,0.003229894,0.00685596,0.012855938
2006.4.1 0:00,84.9165531,1.928992357,0.003901524,0.0499,0.049122218,-0.946353846,-0.63538,0.0092894,-0.001436673,0.010063259,0.008232369,0.00788542,0.005263771,0.008551202,0.00979731,0.00661935,0.001640977,0.00644429,0.003016705,0.00534528,0.000926726,0.006592133,0.001237473
2006.7.1 0:00,85.71818337,1.933072958,0.004080601,0.0525,0.052258416,-0.885176923,-0.61427,0.00761088,0.005047354,0.007627173,0.008823686,0.0067167,0.01167795,0.010487114,-0.011589021,0.00707828,-0.001488346,0.00650662,0.000368726,0.0066011,-0.002213922,0.006957665,-0.000847904
2006.10.1 0:00,85.36659114,1.93128794,-0.001785019,0.0524,0.051526349,-0.939876923,-0.65627,0.00729318,0.007213357,0.007831782,0.014718034,0.00611512,0.005525393,0.007780864,0.003075501,0.00692359,0.000497282,0.00633853,0.006815504,0.00718542,0.0071777,0.006833718,0.013120209
2007.1.1 0:00,86.20352127,1.935525006,0.004237067,0.0526,0.051428531,-0.973376923,-0.68713,0.00873062,-0.002285417,0.007291133,0.006048615,0.00635164,0.009327163,0.007208336,0.006986724,0.00465497,0.002713865,0.00786797,-0.005433532,0.00933852,0.01495414,0.004578169,0.004457933
2007.4.1 0:00,87.17982254,1.940415981,0.004890974,0.0525,0.052180309,-0.897484615,-0.61883,0.00798735,0.011571449,0.008857699,0.017427991,0.00766676,0.01588989,0.007946427,0.014596361,0.00404207,0.003543767,0.00585973,0.005240887,0.0099439,-0.00965252,0.00402822,0.005890798
2007.7.1 0:00,87.73168169,1.943156454,0.002740474,0.0494,0.050206586,0.370653846,-0.08947,0.00861017,0.01081387,0.008159364,0.00537742,0.00766624,0.006231916,0.006677436,0.002566298,0.00433203,0.002917866,0.00564195,0.006571205,0.0072278,0.003347337,0.004255046,0.005540401
2007.10.1 0:00,88.80783516,1.948451284,0.005294829,0.0424,0.042926074,1.098930769,0.25826,0.01129758,0.015705882,0.0097265,0.003095795,0.00941477,0.016076956,0.006515552,0.009370163,0.00594126,0.000307376,0.00693046,0.004255828,0.00650405,0.003489408,0.00579698,0.004067349
2008.1.1 0:00,89.76979148,1.953130216,0.004678933,0.0261,0.026558561,1.445938462,0.58593,0.01591977,-0.013569862,0.014081501,-0.010832783,0.0115027,-0.007262559,0.006565016,0.003324766,0.01083764,-0.00987711,0.01068967,-0.007161566,0.00733254,0.009542313,0.010474523,0.018203735
2008.4.1 0:00,90.9376402,1.95874368,0.005613464,0.02,0.018124234,1.2004,0.55013,0.01555258,0.016825622,0.012343409,-0.000951055,0.01054303,0.009958475,0.007864758,0.006241099,0.01320606,0.001507205,0.01184379,0.002339072,0.00847966,-0.00010222,0.012715348,-0.000775783
2008.7.1 0:00,92.33978997,1.965388882,0.006645202,0.0181,0.020523098,1.862607692,0.84442,0.01765912,0.000323127,0.011854599,-0.000311936,0.01225659,-0.001388159,0.011772371,-0.008394583,0.02016957,-0.013696877,0.01685448,-0.00904846,0.01125584,-0.002894644,0.019691175,-0.01927921
2008.10.1 0:00,90.22503308,1.95532705,-0.010061832,0.0016,0.018392434,6.628161538,2.58774,0.0249155,-0.032913879,0.012133151,0.00964846,0.01503379,-0.010678038,0.015642031,-0.019812317,0.02240753,-0.032779597,0.023238,-0.027687511,0.01656621,-0.02363346,0.0222119,-0.03002761
2009.1.1 0:00,89.6044025,1.952329348,-0.002997702,0.0018,0.006111791,3.622907692,1.9674,0.01944484,-0.006622689,0.01741028,-0.015239973,0.01560626,-0.004990841,0.013483828,-0.012119712,0.01205392,-0.024066969,0.01927133,-0.01692466,0.01335006,-0.003261192,0.012032094,0.002884647
2009.4.1 0:00,90.08088027,1.954632621,0.002303273,0.0021,0.004266285,1.753723077,1.06761,0.01663158,-0.011018985,0.015933619,-0.013362745,0.01735903,-0.019909408,0.009705,-0.000879169,0.00903076,-0.001164591,0.01276119,-0.001682222,0.01242066,0.018640774,0.009046755,-0.002864879
2009.7.1 0:00,90.85593017,1.958353279,0.003720657,0.0015,-0.001173776,0.597276923,0.33346,0.01160589,-0.002830921,0.008825126,0.002098828,0.01228894,0.001122749,0.007969204,0.007379062,0.00624597,0.00430903,0.00948977,0.001800701,0.00952217,0.007644867,0.00620861,0.006143027
2009.10.1 0:00,91.56727155,1.961740274,0.003386995,0.0012,-0.004746296,0.074823077,0.00047,0.00785686,0.005401205,0.005485327,0.005164593,0.01041938,-0.002755999,0.007839125,0.010142615,0.00569369,0.013882989,0.00838219,0.010414212,0.00871504,0.012500975,0.005626105,0.007383201
2010.1.1 0:00,91.71240881,1.9624281,0.000687827,0.0016,-0.004477003,-0.290746154,-0.23044,0.00638105,0.009884741,0.003958103,0.005881857,0.00803908,0.005855612,0.00809831,-0.002535767,0.00601092,-0.000127502,0.00857891,-0.004081301,0.00747081,0.006419579,0.005920741,0.004799594
2010.4.1 0:00,91.68006233,1.9622749,-0.0001532,0.0018,-0.00466496,0.217838462,-0.22267,0.00618869,0.006334912,0.003149633,0.007879812,0.0075028,0.003916866,0.008121259,0.01271077,0.00833832,0.016491234,0.0068411,0.009364792,0.00771848,0.010498937,0.008299837,0.013873075
2010.7.1 0:00,91.94881942,1.963546157,0.001271258,0.0019,-0.005896752,0.273776923,-0.23449,0.00709443,0.004721617,0.003107324,0.008871648,0.00767005,0.011615666,0.007662829,0.009909714,0.00894345,0.014349001,0.00602876,0.007372232,0.00799135,-0.00307778,0.008926357,0.009408029
2010.10.1 0:00,92.69335111,1.967048583,0.003502426,0.0018,-0.00995158,-0.188521429,-0.39962,0.0092714,0.017282595,0.003657254,0.00788535,0.00875055,0.01424363,0.007968461,0.009824083,0.0115398,0.003913765,0.00650144,0.006798163,0.00780555,-0.004461406,0.011520208,-0.002252971
2011.1.1 0:00,93.68259098,1.971658894,0.00461031,0.0014,-0.010112305,-0.322141667,-0.50823,0.01052702,-0.003539424,0.005708913,0.001349077,0.01032813,-0.00683102,0.009025327,-0.005525727,0.01657679,-0.000898537,0.0090046,-0.007195136,0.00629423,0.003795264,0.016698166,-0.01618524
2011.4.1 0:00,94.74777477,1.976569019,0.004910125,0.0009,-0.010662776,-0.352338462,-0.50624,0.00977846,0.002065939,0.006130384,0.011947122,0.00829009,0.004329835,0.008558378,0.01104079,0.0162082,0.004569754,0.00734656,0.007788766,0.00635263,-0.000830483,0.016239551,0.020911174
2011.7.1 0:00,95.36559262,1.979391712,0.002822693,0.0008,-0.011922697,0.376107143,-0.17314,0.00983746,-0.004181231,0.006952577,0.004498532,0.00809969,-9.71E-05,0.008790327,-0.000642801,0.01439185,0.002595578,0.0076686,-0.002956218,0.00646919,-0.000363202,0.014563599,-0.010213212
2011.10.1 0:00,95.79369131,1.981336909,0.001945197,0.0007,-0.014372479,0.6646,0.00528,0.00735189,0.007994591,0.009043348,0.020520456,0.00729408,0.010270555,0.010056385,0.017582994,0.01083517,0.016010282,0.00632368,0.008906827,0.00686482,0.011340739,0.01058004,0.01346558
2012.1.1 0:00,96.33317441,1.983775872,0.002438963,0.0013,-0.01539786,0.069076923,-0.2751,0.00693366,0.012407916,0.006689348,0.011036837,0.00775421,0.001815468,0.008942217,0.011867919,0.00812353,0.001983402,0.00594057,0.003789475,0.00634009,0.00986398,0.007874176,0.000572726
2012.4.1 0:00,96.53653535,1.984691708,0.000915837,0.0016,-0.012620197,0.107553846,-0.24675,0.00682738,0.001392114,0.005751334,0.009510132,0.00821034,0.001988059,0.008404546,0.00327524,0.00687802,0.002484846,0.00689978,-0.000574755,0.00554011,0.007319109,0.006614149,0.005703729
2012.7.1 0:00,96.97236907,1.986648006,0.001956298,0.0014,-0.011787741,-0.221146154,-0.34349,0.00579681,0.004884741,0.006200961,0.001758,0.00905003,-0.003251275,0.009825476,-0.008033649,0.00773966,-0.003352193,0.00741599,0.002217954,0.00533476,0.006016905,0.007663811,-0.000123504
2012.10.1 0:00,97.6171892,1.989526298,0.002878293,0.0016,-0.013389751,-0.499630769,-0.49031,0.00526221,0.007372217,0.005637117,0.013606904,0.00787082,0.004962326,0.008723478,-0.002745288,0.00913529,-0.006898486,0.00909974,-0.00431585,0.00602275,-0.000523596,0.009229334,-0.004033937
2013.1.1 0:00,98.00956612,1.991268467,0.001742168,0.0014,-0.013576285,-0.682830769,-0.57149,0.00574431,0.003732382,0.004052771,0.008674695,0.00812706,0.017368718,0.007655146,0.011186443,0.0091324,0.014991614,0.00903727,0.014979121,0.00681814,-0.004957658,0.009217521,-0.002390023
2013.4.1 0:00,97.90226018,1.990792718,-0.000475749,0.0009,-0.015236753,-0.500769231,-0.63065,0.00611097,0.00586051,0.003616529,0.007664365,0.00676939,0.002567843,0.006637761,0.001110111,0.00879665,-0.003821945,0.00769041,-0.002425071,0.00536337,0.002479609,0.008924721,-0.003518219
2013.7.1 0:00,98.43175806,1.993135242,0.002342524,0.0008,-0.015222713,-0.382846154,-0.60541,0.00752654,0.012485247,0.004125449,0.009076781,0.00547693,0.010542986,0.00636064,0.009088301,0.00738351,0.006070412,0.00542088,0.006993812,0.00499452,0.003492668,0.007454512,0.006135956
2013.10.1 0:00,98.79572633,1.994738158,0.001602916,0.0009,-0.018521048,-0.578369231,-0.71452,0.01009143,0.018925687,0.005780492,0.00636091,0.00474904,0.007342148,0.006355778,0.004741365,0.00831594,0.006748732,0.00480468,0.004405647,0.00573219,0.008328862,0.008530301,0.001064341
2014.1.1 0:00,99.41101271,1.997434498,0.00269634,0.0008,-0.023761233,-0.614476923,-0.73632,0.01148091,-0.006237381,0.010596542,-0.006784915,0.00475904,0.005827071,0.007729162,-0.001319818,0.011661,-0.000726196,0.00520634,0.000687216,0.00675895,-0.004533371,0.01208096,-0.01070046
2014.4.1 0:00,99.93896359,1.999734841,0.002300343,0.001,-0.028917858,-0.738946154,-0.75132,0.00950244,0.010857252,0.011594456,0.018098011,0.00512421,0.011044579,0.009648184,0.019531954,0.00992843,0.016871381,0.00480536,0.010097391,0.00587331,0.008366467,0.010041374,0.011264554
2014.7.1 0:00,100.1946415,2.000844495,0.001109654,0.0009,-0.028366974,-0.654984615,-0.71514,0.00990935,0.017596307,0.011714652,0.01911919,0.0055758,0.011133153,0.007819561,0.011814543,0.00918026,0.008714977,0.00394113,0.007479598,0.00527851,0.009011504,0.009313802,0.012256616
2014.10.1 0:00,99.94571416,1.999764176,-0.00108032,0.0012,-0.028017095,-0.327284615,-0.62466,0.00918426,0.002560666,0.010777535,0.01146796,0.00618069,0.013707546,0.006136686,0.002010005,0.00860883,-0.000151359,0.00382185,0.004201823,0.00432458,0.00463104,0.008762979,0.013286627
2015.1.1 0:00,99.29878448,1.996943932,-0.002820243,0.0011,-0.02268755,-0.145469231,-0.51673,0.00954863,0.018669623,0.012650552,2.06E-02,0.00622154,0.012374954,0.005376349,0.001987239,0.0070391,-0.001841642,0.00436638,0.009781324,0.00433711,0.002495083,0.007008744,0.002408489
2015.4.1 0:00,99.97595109,1.999895544,0.002951612,0.0013,-0.015949532,-0.3366,-0.55057,0.00828922,0.012679621,0.013094074,-8.82E-03,0.00615824,0.001940387,0.005226152,0.0012309,0.00715658,0.005071724,0.00441673,0.01114297,0.00505333,0.007288255,0.007100331,0.009523184
2015.7.1 0:00,100.3535611,2.001532788,0.001637244,0.0014,-0.012882195,0.041930769,-0.45707,0.00783285,0.003807189,0.008697694,9.94E-03,0.00556685,0.006362163,0.005108318,0.002766584,0.00770442,0.001249221,0.00329694,0.005342862,0.00636436,-0.000303807,0.007627908,-0.002556348
2015.10.1 0:00,100.3459667,2.001499921,-3.29E-05,0.0024,-0.005324051,0.132915385,-0.43044,0.00844214,0.001484135,0.007618927,5.56E-03,0.0056992,0.004094054,0.005753062,0.001237027,0.00683266,0.001645517,0.00305398,0.003979237,0.00836911,-0.005692343,0.006816792,0.008665849
2016.1.1 0:00,100.2836646,2.001230196,-0.000269726,0.0036,0.00401943,0.484761538,-0.30591,0.00890589,0.016552324,0.008609605,-0.000907382,0.0059693,0.004425913,0.006544368,-0.002964279,0.0068767,-0.00207289,0.0029466,0.003718815,0.00898146,0.016028549,0.006943034,-0.002403427
2016.4.1 0:00,101.0857168,2.004689795,0.003459599,0.0038,0.004078317,0.122530769,-0.36887,0.00848383,-0.00027629,0.008207401,-0.000249284,0.00666229,0.000497236,0.005977616,0.001144218,0.00509882,0.006454385,0.00282534,0.006252265,0.00680503,0.001965663,0.005212215,0.00473293
2016.7.1 0:00,101.5147999,2.006529363,0.001839568,0.004,0.004703118,0.180178571,-0.34983,0.00703266,0.013202874,0.006361851,0.004224207,0.00607111,0.01169301,0.005854571,0.010043781,0.00513017,0.002369957,0.00328809,0.009202147,0.00623145,-0.001745358,0.005160603,0.006763134
2016.10.1 0:00,102.1591981,2.009277475,0.002748112,0.0054,0.005227246,-0.086907692,-0.41897,0.00595617,0.008503564,0.005659544,0.001683003,0.00569051,0.009431836,0.005260404,0.004023359,0.00627115,0.005035483,0.0030928,0.008400947,0.00517432,0.001312723,0.006304525,-0.001046267
2017.1.1 0:00,102.8781339,2.012323078,0.003045603,0.0079,0.003791602,-0.310669231,-0.494,0.00622034,0.011663518,0.003708229,0.009011828,0.0062196,0.001524648,0.005705742,-0.000200549,0.00620141,-0.002781292,0.00270435,0.00662155,0.00471573,0.004019808,0.006307723,-0.000422887
2017.4.1 0:00,102.9968315,2.012823864,0.000500786,0.0104,0.008463596,-0.554746154,-0.53955,0.00698584,0.01428052,0.002929539,0.008714092,0.00582014,0.010740429,0.005678507,0.002584492,0.0055625,0.004783969,0.00279526,0.004200023,0.00524427,-0.001797058,0.005619397,0.008909886
2017.7.1 0:00,103.4892012,2.014895035,0.00207117,0.0115,0.010796696,-0.6159,-0.59141,0.00722169,0.014531307,0.002761641,0.008873516,0.00586618,0.011867497,0.006540018,-0.002921159,0.00500459,0.003592175,0.00299595,0.005133356,0.0046236,0.00564914,0.00504801,0.009012614
2017.10.1 0:00,104.3124895,2.01833631,0.003441276,0.013,0.01156567,-0.729207692,-0.6377,0.00684197,0.014544537,0.002967645,0.008880347,0.00591608,0.011912746,0.005801916,0.007812694,0.00405338,0.005134942,0.00394665,0.010873799,0.00479746,0.008658009,0.004194599,0.004147841
2018.1.1 0:00,105.1630614,2.021863221,0.00352691,0.0151,0.013994854,-0.339215385,-0.57568,0.00566064,0.006286638,0.003684479,0.01112924,0.00581644,0.012982381,0.005662038,0.009360427,0.00410554,0.010439001,0.00341244,0.003673054,0.00454844,0.00606463,0.00422434,0.008309218
2018.4.1 0:00,105.7649873,2.024341922,0.002478701,0.0182,0.017051157,-0.214030769,-0.53823,0.00551237,0.012485708,0.003729228,0.009705922,0.00523369,0.00915981,0.005458137,0.007678183,0.00377136,0.005887047,0.00313238,0.007248702,0.00486379,0.008245442,0.003758124,0.005997578
2018.7.1 0:00,106.2245887,2.026225058,0.001883136,0.0195,0.019186715,-0.989269231,-0.58604,0.00509432,0.010213671,0.004290583,0.003782459,0.00533619,0.004168945,0.005742894,0.001707126,0.00416461,0.002041769,0.00321934,0.005036724,0.00494371,0.004279902,0.004209057,0.005874908
2018.10.1 0:00,106.6126058,2.027808559,0.001583501,0.0227,0.022995241,-0.622369231,-0.51687,0.00530739,0.004196177,0.003948406,0.008425539,0.00540985,0.009167061,0.006498478,0.001202982,0.00585466,-0.000494919,0.00398398,0.002177106,0.00631291,-0.001905675,0.005835854,-0.00101869
2019.1.1 0:00,106.8668773,2.028843119,0.001034561,0.0241,0.02494003,-0.517046154,-0.55086,0.00539528,0.008839126,0.004617568,0.00486481,0.00635977,0.012733868,0.007990506,-0.005114474,0.0063764,0.000643314,0.00438904,0.009215602,0.00718275,0.009471954,0.006327675,0.011055038
2019.4.1 0:00,107.7066202,2.032242398,0.003399279,0.0238,0.024087304,-0.314261538,-0.60547,0.00664909,0.012759659,0.005684694,0.006933058,0.00707301,0.007224013,0.007397022,0.005606746,0.00573977,0.004705116,0.0046946,0.006661289,0.00820784,0.010721574,0.005690749,0.004884617
2019.7.1 0:00,108.10406,2.033842005,0.001599607,0.0204,0.021720244,0.265776923,-0.55762,0.00818929,0.006687963,0.009343574,0.016797996,0.00946439,0.015550906,0.008530991,0.00793585,0.00702705,0.00375516,0.00619678,0.007115551,0.00947442,0.002172835,0.006870811,0.004364147
2019.10.1 0:00,108.7623813,2.036478708,0.002636703,0.0155,0.016555187,0.183476923,-0.54834,0.01227904,0.009183999,0.01320119,0.008216409,0.0124468,0.004443025,0.011661124,0.005860881,0.01134914,0.001082038,0.01032521,0.003692238,0.01338883,0.002870322,0.011059107,0.000352961
2020.1.1 0:00,109.1136923,2.037879252,0.001400544,0.0065,0.016285953,1.277823077,-0.37032,0.02436168,-0.011736103,0.026392786,-0.016799337,0.02113219,-0.010632469,0.020438009,-0.012002895,0.02320714,-0.01482602,0.02239922,-0.012765066,0.02473126,-0.012781712,0.022552206,-0.010475057
2020.4.1 0:00,108.1856294,2.034169576,-0.003709676,0.0008,0.004973777,1.168215385,-0.05076,0.05120035,-0.089061918,0.051154837,-0.078989618,0.03970541,-0.072854458,0.041201824,-0.078725448,0.05677258,-0.097889501,0.05114309,-0.086869742,0.05255098,-0.100372693,0.056358291,-0.096235192
2020.7.1 0:00,109.4595184,2.039253533,0.005083957,0.0009,0.002525784,-0.100023077,-0.45513,0.04407208,0.07920984,0.038346764,0.063569083,0.03218804,0.062645125,0.035738307,0.069277123,0.04725747,0.089547608,0.0456134,0.080039175,0.04294887,0.07364486,0.047453979,0.075214673
2020.10.1 0:00,110.0676323,2.041659624,0.002406091,0.0009,0.001719791,-0.275430769,-0.53336,0.02518859,0.010954889,0.018175766,0.013029566,0.01769848,0.014192475,0.018942576,0.013947611,0.02459662,0.009231841,0.02389273,0.009940898,0.02302944,0.009428235,0.024570833,0.017616072
2021.1.1 0:00,111.1838673,2.046041776,0.004382152,0.0007,-0.004156451,-0.515507692,-0.63696,0.0198853,0.024267741,0.012129946,0.00812342,0.01321682,0.017133245,0.0131331,0.016054543,0.01653711,0.014222448,0.01730466,0.016350614,0.01614488,0.013532687,0.016743104,0.008472485
2021.4.1 0:00,113.3928509,2.054585674,0.008543898,0.0008,-0.01799753,-0.735384615,-0.70849,0.01638027,0.022413107,0.011519908,0.017343769,0.010825,0.016207712,0.009243063,0.011027683,0.01617279,0.011605482,0.01422334,0.017485327,0.01302453,0.014049437,0.016172934,0.022702738
2021.7.1 0:00,115.2505235,2.061642907,0.007057233,0.0008,-0.018898706,-0.7117,-0.68733,0.01335231,0.00669105,0.010404199,0.008151225,0.00905737,0.004276471,0.007102587,0.001522935,0.01251232,0.002245436,0.01168617,0.007076475,0.01070748,0.006706254,0.012334026,0.006319942
2021.10.1 0:00,117.4655545,2.069910533,0.008267626,0.0008,-0.017021015,-0.669328571,-0.63498,0.01415843,0.022441688,0.0129934,0.022579033,0.00903871,0.015054199,0.006228367,0.00539537,0.01362973,0.013450127,0.01255608,0.017765204,0.01084602,0.013843104,0.013404197,0.018452156
