date,CPI,logCPI,logCPIDiff,Federal Funds Rate,Shadow Rate (First Month of Quarter) ,Financial Stress Index,STOCHVOL_East North Central,GROWTH RATE_East North Central,STOCHVOL_East South Central,GROWTH RATE_East South Central,STOCHVOL_Middle Atlantic,GROWTH RATE_Middle Atlantic,STOCHVOL_Mountain,GROWTH RATE_Mountain,STOCHVOL_New England,GROWTH RATE_New England,STOCHVOL_Pacific,GROWTH RATE_Pacific,STOCHVOL_South Atlantic,GROWTH RATE_South Atlantic,STOCHVOL_West North Central,GROWTH RATE_West North Central,STOCHVOL_West South Central,GROWTH RATE_West South Central
1997-01-01 00:00:00,67.351005764706,1.8283440855051885,,5.39,5.225783096385061,-0.3293153846153846,,,,,,,,,,,,,,,,,,
1997-04-01 00:00:00,67.5057063417392,1.8293404858381683,0.0009964003329798743,5.56,5.458331770982138,-0.22162307692307692,0.00940976,0.014178247940524568,0.00731230059494407,0.016039126409929574,0.0019291195565313,0.01033771031028105,0.00701831,0.01834698832376658,0.00479649,0.013615547216512732,0.0101950523956195,0.003198352478423706,0.00760826611667735,0.018539527379145684,0.00298699,0.012355310190351212,0.0021467,0.013082331838521827
1997-07-01 00:00:00,67.8432348734479,1.8315065475946761,0.0021660617565077978,5.54,5.347401142278263,-0.2677307692307692,0.00928531,0.013980109877814033,0.00721569765328597,0.015785933821861664,0.00178131884167618,0.010232009278158562,0.00685641,0.0180158230311729,0.00467207,0.013432864353552175,0.0101311473991142,0.0031882246451325064,0.00758286474002634,0.018202210184035773,0.00279048,0.012205066869631572,0.00190444,0.012913631612744794
1997-10-01 00:00:00,68.208890782799,1.8338409870648449,0.0023344394701687587,5.5,5.379100415769888,-0.059576923076923076,0.00923439,0.013787287733128838,0.00704137164446846,0.015540370172190206,0.00172124817599805,0.010128302638343517,0.00670774,0.017697199373084328,0.00453272,0.013254399649760924,0.0102077114152581,0.003178092173340798,0.0074804263820189,0.017876674622363274,0.00262816,0.012057358696237811,0.00172598,0.0127487617138772
1998-01-01 00:00:00,68.3495276710109,1.8347355177248743,0.0008945306600294245,5.49,5.359936149303819,-0.28603076923076926,0.00939076,0.01359985592851975,0.00678440800632399,0.015302799598287184,0.00175879405384528,0.010026820967332803,0.00658848,0.017389653516963137,0.00448056,0.013081427760417028,0.0102189802148412,0.0031680924762896336,0.0073504165227884,0.01756284737422315,0.00245576,0.0119140669869752,0.00162595,0.01258839233166008
1998-04-01 00:00:00,68.57454669215,1.836162945408925,0.001427427684050686,5.56,5.331435161792234,-0.22643846153846153,0.00954143,0.01341731011891388,0.00648783834141307,0.015071920110493117,0.00189416935296405,0.00992721033239321,0.00652095,0.017092813003504344,0.00446372,0.01291231170807528,0.0103233228134125,0.0031579506467759046,0.00719107796846466,0.017259650941452678,0.00233244,0.011773617234862225,0.0015685,0.01243178064082307
1998-07-01 00:00:00,68.92613891268,1.8383839509752111,0.0022210055662861272,5.51,5.231623202270189,0.2426,0.00990403,0.013239739779032594,0.00611533208591036,0.014848590035654243,0.00215756722049651,0.009829700385902905,0.00652451,0.01680459818252752,0.00446159,0.012747908675507756,0.0105531910170426,0.0031480775316477575,0.00704216096141358,0.016966875244211803,0.0022477,0.011636786159704019,0.00159084,0.012279354641775611
1998-10-01 00:00:00,69.2496037555674,1.8404172927218594,0.002033341746648265,4.68,4.733588584997373,0.6206384615384616,0.01051134,0.013066670057773165,0.00557199600916959,0.014630882303973868,0.00262219184021668,0.009733947742651934,0.00672601,0.01652724862951514,0.00460054,0.012587051366925776,0.0109092215007504,0.003138198240277525,0.00701340972316976,0.0166836099665258,0.00216746,0.011502585150045387,0.00170538,0.01213017843724754
1999-01-01 00:00:00,69.502750154349,1.842001989528642,0.0015846968067825262,4.81,4.758663891962937,0.1534,0.0114655,0.014167596109919965,0.00490425628605554,0.012847337102677237,0.00347025527315071,0.014435985524406718,0.00716938,0.019911860113662704,0.00488888,0.01378366062423339,0.0115173224552182,0.02106276914042473,0.00707207800605342,0.018324565694055207,0.00217791,0.011352571765048254,0.00198452,0.013141099480644855
1999-04-01 00:00:00,70.0231066407332,1.8452413747380405,0.003239385209398593,4.76,4.744130169799667,0.026123076923076922,0.01227788,0.013969476429209617,0.00449529973799888,0.012684156222358321,0.0040311394408353,0.014230553460644557,0.00733216,0.01952257180621288,0.00519007,0.013596062702970249,0.0122507291100271,0.020628214112003374,0.00687879764922777,0.017994694009495115,0.00227902,0.011224801427593528,0.00230639,0.012970650867269104
1999-07-01 00:00:00,70.5434631271175,1.8484567762852415,0.0032154015472010133,5.22,4.934898554419002,0.19516153846153847,0.01335348,0.013777218801997598,0.00425667989454369,0.012525718882627842,0.00438207738428015,0.014030886184693062,0.00729362,0.019149275404802997,0.00571396,0.013413689341603531,0.0132746792469877,0.02021135624775061,0.00649143269104507,0.017676608842252948,0.00258628,0.01110003763062673,0.00278398,0.012804567295374476
1999-10-01 00:00:00,71.0638196135017,1.8516485467008117,0.003191770415570172,5.3,5.31492068433884,0.163,0.01524231,0.013589789192162768,0.00418776234750599,0.012370121250619365,0.00457068091948786,0.013836744398865886,0.00707935,0.01878894449799552,0.00655172,0.013236143820317015,0.015058686936028,0.01981082269371012,0.00591363864371045,0.017369513618421296,0.00322625,0.010978672590782616,0.00361932,0.012642683207450574
2000-01-01 00:00:00,71.7670040545615,1.8559248167948126,0.004276270094000889,5.85,5.851752035657322,0.0114,0.01908004,0.012202892736609877,0.00428796635439006,0.005835676125601952,0.00466675545257353,0.014638959619290935,0.00684218,0.018780364317583363,0.00799499,0.021511595234958707,0.0188203532864608,0.034550373608449605,0.00517404264893177,0.01521100460938116,0.00449762,0.01615982457073172,0.00515952,0.01943593904206508
2000-04-01 00:00:00,72.3295516074093,1.859315772783671,0.003390955988858524,6.53,6.162800906967267,0.3691923076923077,0.02078624,0.012055713246130084,0.00429036602065814,0.005801818591363261,0.00461596124205826,0.014427622843341157,0.00648722,0.018434332979887454,0.00850003,0.02105823060431799,0.0203499899888663,0.03339639091531335,0.00462700406591009,0.014982864040922543,0.00515243,0.01590267748916898,0.00589984,0.01906528284228101
2000-07-01 00:00:00,72.9905449820055,1.863266606311039,0.003950833527367914,6.52,6.408212549769426,0.06460769230769231,0.02035388,0.0119121677004681,0.00428973266400299,0.005768351661452325,0.00437378540879166,0.014222554680653808,0.00606342,0.018100659397400055,0.00823488,0.02062410383842015,0.0200283979293071,0.0323171742983115,0.00409041785688447,0.014761978100252659,0.00525956,0.01565389860547953,0.00590912,0.018708698741011786
2000-10-01 00:00:00,73.5109014683898,1.866351748560332,0.003085142249293016,6.4,6.646752099008959,0.4566846153846154,0.01886497,0.01177187577377746,0.00417023700190415,0.0057350599309798035,0.00393545123890857,0.014022984368268378,0.00558151,0.017778687510704994,0.00722439,0.020207172368386827,0.0183361625421995,0.03130541337946049,0.00358518613934784,0.01454689340487758,0.00498757,0.015412475760256337,0.00528491,0.018365012638569697
2001-01-01 00:00:00,74.2140859094495,1.8704863426397047,0.0041345940793726665,5.31,5.042857606843011,0.5037153846153846,0.01624935,0.0040766318906312665,0.00394425541644734,0.006348286128740628,0.00336316932171301,0.0105204592930383,0.0049785,0.008969924596526551,0.00550898,0.008164626669281515,0.0156981417507634,0.0005523923907577534,0.00304597873617797,0.013126927038098294,0.00440278,0.006699688077942754,0.00412211,0.011604996031385848
2001-04-01 00:00:00,74.7344423958338,1.87352079853684,0.0030344558971353575,3.97,3.8288098407375966,0.4569384615384615,0.01463986,0.004060080437242277,0.00372542222616227,0.006308239618672637,0.00306469014317815,0.010410808684232884,0.00460202,0.008890021649768775,0.00465579,0.008098168841873045,0.0142623613728893,0.0005519228979505348,0.00263637053567652,0.01295667870452536,0.00400705,0.006654797548599826,0.00372533,0.011471769210517934
2001-07-01 00:00:00,74.9453977281517,1.874744968703493,0.0012241701666528826,3.07,3.0456881018754105,0.579223076923077,0.0137136,0.004043662840847349,0.0034634139886893,0.006268695187334511,0.00296656941639878,0.010303662057438136,0.00435163,0.0088116855742428,0.0042397,0.008033449168394389,0.013388675324213,0.0005516732581526646,0.00232875923124052,0.012791113155416934,0.00361127,0.006611105409197187,0.00374114,0.011341755085842339
2001-10-01 00:00:00,74.8891429728669,1.8744188605733563,-0.00032610813013667084,1.82,1.5747523879228775,0.682923076923077,0.01303715,0.004027377484168551,0.00308911392046084,0.006229439835021904,0.00306940328711921,0.010198459020115487,0.00415772,0.008734406131797745,0.00406773,0.007969095990149121,0.0126565484453148,0.0005513690825744362,0.00207520647969868,0.0126293527599272,0.00311739,0.006567236581767128,0.00413652,0.01121437482362717
2002-01-01 00:00:00,75.1282256828272,1.875803132147935,0.001384271574578655,1.73,0.9533701189096968,0.3481923076923077,0.01207034,0.008303258551367947,0.00249781396500425,0.010515218169934306,0.00339348293341758,0.005688817106709772,0.00402073,0.009278011721253348,0.00420654,0.0057488542705775355,0.0119359900202386,0.0019961537671866463,0.00184396313952412,0.011336749449017412,0.00240124,0.010060646194634173,0.00516674,0.005620910562116254
2002-04-01 00:00:00,75.7189006133174,1.8792042996785012,0.003401167530566296,1.75,0.9323659171631071,0.3962846153846154,0.0112765,0.008234761397034985,0.00227308983760588,0.010404997923406037,0.00358790498903025,0.005656459879585853,0.00395307,0.009192721543026926,0.00423649,0.005715830508114583,0.0111760442528188,0.001992177075412531,0.00176699240774865,0.011209563681850205,0.00212856,0.009960290491291927,0.00580399,0.005589492524548151
2002-07-01 00:00:00,76.1267475891321,1.8815372755536421,0.002332975875140919,1.75,1.146547181399284,1.0467923076923078,0.01050166,0.008167623762494918,0.0022832120985105,0.01029864157976446,0.00357014042160501,0.0056248209562914835,0.00394126,0.00910868165719123,0.00416471,0.005683832723966479,0.0104000511837839,0.0019881616637518157,0.00181495420492825,0.011085405687680374,0.0021375,0.009862207304802046,0.00616811,0.0055584237565124255
2002-10-01 00:00:00,76.5767856314104,1.884097132554375,0.0025598570007328014,1.24,1.4435581849967258,0.8678230769230769,0.00932434,0.008101335292150772,0.00257374874419088,0.010193072218370864,0.00343604574281805,0.005593183648142695,0.00396162,0.009026462483934492,0.00396192,0.005651063351470877,0.0093796015465186,0.001984271144863825,0.00204200999507472,0.010963713365672761,0.00243507,0.009765605259609017,0.00631208,0.005527698466040376
2003-01-01 00:00:00,77.3643522053974,1.8885408934123473,0.004443760857972379,1.25,1.0165960028022512,0.6584538461538462,0.00763806,0.00931382083918351,0.00325885199923965,0.012748078069161605,0.00309854242539451,0.008205661819894858,0.00402105,0.01432909080123616,0.00356998,0.008865855575859971,0.00785456052575441,0.016458089586028863,0.00248499193798014,0.013575251371718626,0.00316686,0.01362913676795492,0.00623751,0.01577919604036233
2003-04-01 00:00:00,77.2377790060066,1.8878297770272987,-0.0007111163850486157,1.22,1.0129460325956607,0.30003846153846153,0.00675401,0.009227698876062678,0.00378380366091104,0.012587418487228164,0.00296850689343626,0.00813876143828385,0.00420446,0.014126521545744635,0.00349226,0.008787942942918967,0.00690958190622917,0.01619155323539551,0.00288783750617276,0.013393182638777305,0.00368397,0.01344588101661384,0.00635803,0.015533991498812566
2003-07-01 00:00:00,77.8143902476756,1.8910599186767334,0.0032301416494346924,1.01,0.937336726389856,0.09892307692307692,0.00628407,0.009143500603099396,0.00436726907568626,0.012431134341008484,0.00298585831614031,0.008073171332539366,0.00457336,0.013930032521279377,0.00364849,0.008711229969307262,0.00639184749324708,0.015933511498275297,0.00338094369734603,0.013216372961555905,0.00413959,0.013267487952218947,0.00680071,0.015296465569024904
2003-10-01 00:00:00,78.1097277129207,1.8927051238768198,0.0016452052000863748,0.98,0.833596129519047,-0.25112307692307695,0.00613534,0.009060482480683656,0.0052484285617945,0.012278311639099653,0.00316017567055436,0.008008403541385222,0.00523964,0.013738223935465135,0.00411418,0.008636156221397266,0.00610355756703973,0.01568366817706073,0.00407503668245312,0.013043784459838484,0.00473322,0.013093629188487192,0.00780888,0.015065922335424335
2004-01-01 00:00:00,78.7707210875169,1.8963648211313218,0.0036596972545019923,1,0.7529911806458887,-0.4243692307692308,0.00624788,0.012846872782011708,0.00693044932249412,0.018175136344008965,0.00350056255111332,0.013471095673470268,0.00639993,0.019912990180876354,0.00503339,0.0165746190531583,0.00603265815832296,0.016490694846619663,0.00519705825645742,0.018282530189297517,0.00579861,0.01700061778516155,0.00972719,0.02359232876076933
2004-04-01 00:00:00,79.3895233956495,1.8997631947235676,0.003398373592245818,1.03,0.8692648466134143,-0.5729923076923077,0.00619081,0.012683755708141635,0.00791505771231321,0.01785051601487111,0.00365113436378653,0.013291926108508335,0.00723987,0.019524066667099573,0.00542533,0.016304075034719718,0.00592221641330505,0.016223063335654306,0.00594207671440023,0.017954092050535574,0.00622846,0.01671602818466466,0.01084912,0.023048642863735237
2004-07-01 00:00:00,79.8958161932126,1.9025240377398398,0.0027608430162722186,1.61,1.4383094227721513,-0.5463,0.00613027,0.01252505923217163,0.00821075561488765,0.01753781981841927,0.00367197234069678,0.013117678157625637,0.00796325,0.019150312895135215,0.00542056,0.016042816872992038,0.00585472221632295,0.015964225106383227,0.00637831343147811,0.017637613183135514,0.00619465,0.016441327816914753,0.01162493,0.022529290006688005
2004-10-01 00:00:00,80.7537012113055,1.9071624366230682,0.004638398883228367,2.16,2.0808222692067044,-0.7514571428571428,0.00614708,0.012369958561068272,0.00809317903418932,0.017235195493236426,0.00358742414423861,0.012947724279187086,0.00878762,0.018790203485270912,0.00503686,0.01578936093038845,0.00590878159897029,0.015713227599196036,0.00675983603947458,0.017331783043612135,0.005829,0.016175383041761148,0.01217335,0.022032904315670652
2005-01-01 00:00:00,81.1615481871202,1.9093503227712438,0.002187886148175666,2.63,2.6782117060838733,-0.8591416666666667,0.00627742,0.011384464713856181,0.00762595673808192,0.016092116368396536,0.00342374644978904,0.010453232133619596,0.00976947,0.02458965344218702,0.00431936,0.01152660793693552,0.00610337342289078,0.01711891139800544,0.00706202711424955,0.019023053635159368,0.00510981,0.014191062342683143,0.01284332,0.024793700715748462
2005-04-01 00:00:00,81.7100320511468,1.9122753808529118,0.002925058081667986,3.04,3.076763411182436,-0.6955846153846154,0.0062033,0.011256157243222294,0.00715352596743333,0.01583743083297436,0.00350824867185488,0.010345039538135217,0.01015082,0.023999513717102752,0.00394494,0.01139554683598508,0.00606564884542571,0.016830739648755616,0.00699540290024432,0.018667757060394405,0.00456208,0.013992368800338925,0.01299974,0.024193845745179323
2005-07-01 00:00:00,82.947636667412,1.9188040166783602,0.006528635825448381,3.62,3.576478216007777,-0.8404357142857143,0.00596347,0.011131024996109335,0.00664121231533341,0.01559035022301843,0.003846525657359,0.01023916788388105,0.01001652,0.023437036244270158,0.00378233,0.01126700931128759,0.00584106772710241,0.016552247094871974,0.00666621865404957,0.018325830403053137,0.00406166,0.013799407587970363,0.01292066,0.0236223307196077
2005-10-01 00:00:00,83.7211395525778,1.9228351310143346,0.004031114335974362,4.16,4.200079006295715,-0.7619307692307692,0.00562657,0.011008332436577143,0.00601977301514383,0.015351022407405573,0.00449364630602254,0.010135338055709323,0.0095249,0.02289995581196672,0.00389926,0.011141337584721895,0.00556373487137718,0.016282640356785588,0.00611575795518299,0.017995868885367916,0.00345264,0.013611210564644418,0.01263434,0.02307712110318138
2006-01-01 00:00:00,84.1571139060348,1.9250908333189858,0.0022557023046512192,4.59,4.534623803509151,-1.0056615384615384,0.00517901,0.009250889533462146,0.00516412834544684,0.013197225299199481,0.00573904532132452,0.018151671811809,0.00865816,0.01914012786554484,0.00423379,0.01404810032176454,0.00520458676447838,0.015536330322026308,0.0053139172818702,0.01469250930099169,0.0026824,0.01081865397523998,0.01224945,0.023084146934183748
2006-04-01 00:00:00,84.9165531023794,1.9289923571496599,0.003901523830674103,4.99,4.912221779157612,-0.9463538461538461,0.00485742,0.00916604378046956,0.0046519051938975,0.013025007682532865,0.00642690421940728,0.01782801223591999,0.00803955,0.018780430280758296,0.00436592,0.013853348059268588,0.00493891907152893,0.015298513331873187,0.00475050288684658,0.014479642381437152,0.00238795,0.010702506823674057,0.01176374,0.022563084728237787
2006-07-01 00:00:00,85.7181833651876,1.933072958416982,0.004080601267322015,5.25,5.225841573609752,-0.8851769230769231,0.00462675,0.009082841280326727,0.00428431073615624,0.0128578534821809,0.00651415529963211,0.01751579093410237,0.00748161,0.018434227555374542,0.00436172,0.013664190386880999,0.00475239651784441,0.015068082195520102,0.0043901306257366,0.014273095891693875,0.00235369,0.010589411294305916,0.01098886,0.022065428441614156
2006-10-01 00:00:00,85.3665911446577,1.9312879395378388,-0.0017850188791430632,5.24,5.15263490015359,-0.939876923076923,0.00449556,0.009001035547632048,0.0039823241008853,0.012694316487901139,0.00618480894703827,0.01721422069344142,0.00699422,0.01810055775484297,0.0042705,0.01347973030666554,0.00465656983961891,0.014844362721783615,0.00411515557005252,0.01407212206285958,0.00259673,0.010478217934923784,0.01005596,0.021588857786269663
2007-01-01 00:00:00,86.203521266407,1.9355250063738483,0.00423706683600944,5.26,5.1428530944010085,-0.973376923076923,0.00449008,0.008829713731953136,0.00363715395772437,0.007478935471797012,0.00544623967243653,0.006203506494190302,0.00655998,0.01616551365919652,0.00413526,0.012441611860833897,0.00470568070087048,0.014908383550314673,0.00392050365906885,0.010054412892401646,0.00328578,0.013772573009239265,0.00878334,0.01721007022255275
2007-04-01 00:00:00,87.1798225443744,1.940415980670683,0.004890974296834827,5.25,5.218030891841507,-0.8974846153846154,0.00462905,0.008752333433445229,0.0035619565754539,0.00742326364837529,0.00500214848866026,0.006165212684422529,0.00633145,0.015908347057542453,0.00409031,0.012288330299001036,0.00491388440102072,0.01468934700449496,0.00400101843289698,0.009954250269645673,0.0036518,0.013585352587797694,0.00813592,0.01691883106258104
2007-07-01 00:00:00,87.7316816937182,1.9431564542565696,0.0027404735858864715,4.94,5.020658646545968,0.37065384615384617,0.00509055,0.008676492703459895,0.00372185392928623,0.00736871629707732,0.00476521141556804,0.006127483026040166,0.00636318,0.01565902059617205,0.00412433,0.012139160287831645,0.00533327660374625,0.014476693825415601,0.0043647127741989,0.00985617825424545,0.00387763,0.013403264513553552,0.00795891,0.016637409336149784
2007-10-01 00:00:00,88.807835162316,1.9484512835449062,0.005294829288336578,4.24,4.2926073742066615,1.0989307692307693,0.00621426,0.00860176161187307,0.00413376878438692,0.007314815496915089,0.00464016957332291,0.006090118641275078,0.00658198,0.01541770145354944,0.00429549,0.011993695343463095,0.00629010894781603,0.014270109814772088,0.00518513749580575,0.00975994403930535,0.00404652,0.013225882438812326,0.00810813,0.0163650124647318
2008-01-01 00:00:00,89.7697914776858,1.953130216380999,0.004678932836092775,2.61,2.6558561029925762,1.4459384615384614,0.00859746,-0.0015069778012317629,0.00499387675585687,0.004904462895568829,0.00463241785429089,0.005086233475031576,0.00718374,0.006826757304281765,0.00469448,0.005632273980772603,0.0081763858419958,0.002500997572391781,0.00663496417250902,0.0027530338164823438,0.00426055,0.0069691073714055075,0.00871722,0.003898858080982951
2008-04-01 00:00:00,90.9376401973979,1.958743680212771,0.00561346383177197,2,1.812423397889634,1.2004,0.01015433,-0.0015094450988170978,0.00570019851025359,0.0048802294936125465,0.00454048788717071,0.0050604016633108845,0.00804126,0.006780468690125121,0.00509725,0.005600729139765493,0.0095071667955656,0.0024947185316010157,0.00780866093236163,0.002745362571104329,0.00464807,0.006920441479205175,0.00935185,0.0038836555491432705
2008-07-01 00:00:00,92.3397899728711,1.9653888824121457,0.006645202199374811,1.81,2.0523097648511692,1.8626076923076924,0.01126037,-0.001511533788078024,0.00660510627610718,0.004856824117964879,0.00438698169384414,0.005035015417512191,0.00931906,0.006734803565415676,0.00562628,0.005569287670101636,0.0104380821315609,0.00248854995652598,0.00885181443837389,0.0027379587403348893,0.00531895,0.006873308719316893,0.0101146,0.0038686913587178827
2008-10-01 00:00:00,90.2250330848279,1.955327049984031,-0.010061832428114759,0.16,1.8392434304307264,6.628161538461539,0.01218874,-0.0015140154531923834,0.00804023304661826,0.004833202305405141,0.00407319457580405,0.005009699019138076,0.01144116,0.006689647784789807,0.00637161,0.005538565808281163,0.0113707906440423,0.0024823329889418484,0.00986779052483565,0.0027303705487386394,0.00655739,0.006825961189760968,0.01121765,0.003853722256440193
2009-01-01 00:00:00,89.6044024971486,1.9523293482028303,-0.0029977017812006235,0.18,0.6111790978381135,3.622907692307692,0.01326792,-0.006410776844259051,0.0105109711790625,-0.0038899741131920257,0.00361858782917014,0.00919674103537504,0.0149652,-0.012062043346103795,0.00775601,-0.0012755621376954387,0.0125580750155508,-0.0014918207483295642,0.0110820615834345,-0.0028110674545371367,0.00897229,-0.0022683894901847925,0.01293104,-0.0035589290406839464
2009-04-01 00:00:00,90.0808802744107,1.9546326214732035,0.002303273270373163,0.21,0.4266284999755374,1.753723076923077,0.01333514,-0.00645228633614876,0.0114484838126769,-0.0039053120531836855,0.00348922663446637,0.009112931761887912,0.01662403,-0.01220931260395876,0.00837845,-0.0012775596596660476,0.0127058889808751,-0.0014940496025256454,0.0114938251778932,-0.0028191415004510598,0.00992701,-0.002273759638786724,0.01370464,-0.0035717602374504133
2009-07-01 00:00:00,90.8559301653468,1.9583532789642035,0.0037206574910000345,0.15,-0.11737757645586822,0.597276923076923,0.01237634,-0.006494041489614033,0.0107045582276921,-0.003920475785695975,0.00362538847102976,0.009030636190517293,0.01663911,-0.012360325876115278,0.00814832,-0.0012790709540730324,0.0118462285980793,-0.001496324606543361,0.011205985277449,-0.0028270740046709613,0.0096615,-0.0022787280596954533,0.01362835,-0.003584382819670996
2009-10-01 00:00:00,91.5672715459228,1.9617402735926595,0.0033869946284559305,0.12,-0.47462961438000306,0.07482307692307692,0.01039247,-0.006536637898887649,0.00840355324523846,-0.003936202622683578,0.00405045361715489,0.008949813679207455,0.01474057,-0.012515015546616224,0.00723915,-0.0012807090718471637,0.00997560241103526,-0.0014985669491435494,0.0101081012625713,-0.002835126640711632,0.00785493,-0.0022840394364859237,0.01279251,-0.003597458105637248
2010-01-01 00:00:00,91.7124088145576,1.9624281002839574,0.0006878266912979658,0.16,-0.44770033946844556,-0.2907461538461538,0.00700835,0.010507975728529488,0.00461985496525725,0.0084906953707474,0.00490054215803631,0.0036314516798521125,0.01095225,0.006968913879210775,0.00547636,0.00880339222189715,0.0069809195563711,0.012323037571482249,0.00817129717129828,0.006885907665220882,0.004661,0.00985404428276064,0.01073962,0.004856559369008068
2010-04-01 00:00:00,91.6800623302688,1.9622748998859958,-0.0001532003979616281,0.18,-0.4664960004219383,0.21783846153846154,0.005577,0.010398558776559966,0.00298912482572777,0.008419062980789364,0.00549877926594776,0.003618267956771818,0.0086963,0.006920473545116204,0.00460842,0.008726568813877497,0.00569071470476459,0.012172950646662847,0.0070304346212606,0.006838741251250833,0.00324347,0.009757571262168363,0.00950584,0.004833147542075833
2010-07-01 00:00:00,91.9488194236419,1.9635461574882964,0.001271257602300624,0.19,-0.589675191488225,0.2737769230769231,0.00519957,0.01029168765534571,0.00216081435898607,0.008348920333699555,0.00592085212268136,0.0036052671322851825,0.00732503,0.006872805138111004,0.00421222,0.008651074615927335,0.00532213136296813,0.012026629314157631,0.00630301563363171,0.006792402205622954,0.00262182,0.009663491286831716,0.00869249,0.0048098405252021015
2010-10-01 00:00:00,92.693351109836,1.9670485833368445,0.0035024258485480964,0.18,-0.9951580087825702,-0.18852142857142856,0.00582283,0.010186703208910729,0.00168660607086296,0.008279503006523404,0.00629755855739444,0.003592272191990272,0.00633397,0.006825996014497615,0.00417684,0.008576635235216918,0.00571003216872783,0.01188363198564687,0.00591453001802891,0.006746428851629661,0.00239978,0.009571001992471222,0.008149,0.004786816700250523
2011-01-01 00:00:00,93.6825909815189,1.9716588935226298,0.004610310185785282,0.14,-1.0112304763174222,-0.32214166666666666,0.00761676,0.010423443599537821,0.00130783632617509,0.009404537480454951,0.00668510637966189,0.0025339728113047333,0.0054914,0.009653791264240685,0.00448852,0.004830017050271028,0.00724509700885803,0.0024856977186730445,0.00565200958639341,0.0063858982866001855,0.00249758,0.012212331573333476,0.00759725,0.01797448430565302
2011-04-01 00:00:00,94.7477747728362,1.9765690190071123,0.004910125484482553,0.09,-1.0662775640816102,-0.35233846153846154,0.00825009,0.010315821791155337,0.00115352036086774,0.009317058659943643,0.006902644536764,0.002527524607080432,0.00501235,0.009560975609755953,0.00462254,0.004806563119543692,0.00779378386539332,0.0024795343458064775,0.00545400429270314,0.0063451219081410324,0.00252375,0.012064786210171347,0.00707341,0.01765699004429143
2011-07-01 00:00:00,95.3655926227514,1.979391711921961,0.0028226929148487123,0.08,-1.1922697307045933,0.37610714285714286,0.00767754,0.010210585646637908,0.00114915177043486,0.009230911251303283,0.00692739511516161,0.0025211956386406702,0.00479614,0.009470935286498266,0.00451581,0.004783924391256735,0.00729211341574138,0.002473363910479027,0.0052878849159013,0.006305332755221442,0.00254497,0.011921163625531247,0.00663605,0.017350744983106726
2011-10-01 00:00:00,95.7936913104686,1.981336908668648,0.001945196746687028,0.07,-1.4372478896970406,0.6646,0.00588682,0.010107290814971843,0.00128976122795992,0.009146480897873113,0.00684941333922607,0.0025148119994767033,0.00481807,0.009381677055760748,0.00421465,0.004760677927109612,0.00569601977096445,0.0024672989337914493,0.00509888812731479,0.006265608437543567,0.00257871,0.011780624237629418,0.00622599,0.01705471807653136
2012-01-01 00:00:00,96.3331744136496,1.9837758715870726,0.002438962918424492,0.13,-1.5397859616926692,0.06907692307692308,0.00304777,0.010202826304213722,0.0016494365111151,0.011310731550470077,0.00666727741535074,0.015548180659483468,0.00502542,0.006982534423316562,0.00359855,0.008993785888552656,0.00309275351693985,0.012064220344608342,0.00480407161203671,0.007150107969974898,0.00271829,0.012615104882429652,0.0057402,0.01620495363631268
2012-04-01 00:00:00,96.5365353540041,1.9846917081595068,0.0009158365724342143,0.16,-1.262019666462955,0.10755384615384615,0.00188856,0.010099734664452834,0.00186317618356675,0.011183955644061109,0.00647647798720421,0.015310135900580007,0.00509541,0.006933820696928339,0.00335546,0.008913502934061226,0.00195824011655614,0.011920483735425248,0.00454017650939426,0.007099204648862294,0.002717,0.012457849509084674,0.00533934,0.01594654068387098
2012-07-01 00:00:00,96.972369070573,1.9866480057133724,0.0019562975538656158,0.14,-1.1787741265102278,-0.22114615384615385,0.0013641,0.009998794828399864,0.00197263741744618,0.011060529261727835,0.00626639158169832,0.015079270224166448,0.00501244,0.006886269881454839,0.00337849,0.008834754325459666,0.00141135997523458,0.011779986752572674,0.00428252658508585,0.00704930243271301,0.00262368,0.012304657014361129,0.0049414,0.015696239954847205
2012-10-01 00:00:00,97.6171892030248,1.9895262983912811,0.0028782926779087337,0.16,-1.338975140893377,-0.4996307692307692,0.00112341,0.009899764231649998,0.0020559254842507,0.010939264155569239,0.00604284403860142,0.014855263688752502,0.00477517,0.006839076164137782,0.00364864,0.008757271232100159,0.00114369408325048,0.011642870379983485,0.0039554002217749,0.006999782322794959,0.00248674,0.0121548086344073,0.00453658,0.015453675358239962
2013-01-01 00:00:00,98.0095661211362,1.9912684666197151,0.0017421682284339823,0.14,-1.357628472464758,-0.6828307692307692,0.00103908,0.007578557249419403,0.00219944250791895,0.007745365827786347,0.00574414453414195,0.013957240250178212,0.00434536,0.00901497330586595,0.00425323,0.004588585131937803,0.00103781271293587,0.011147704536388203,0.00356627945206402,0.008476111655843992,0.00229217,0.008560661474524821,0.00413278,0.01407222719362757
2013-04-01 00:00:00,97.9022601754304,1.9907927180583682,-0.00047574856134691146,0.09,-1.5236752853198703,-0.5007692307692307,0.00103794,0.007521423693314283,0.00239482525892971,0.007685441488884516,0.00559704672295188,0.013765077194765184,0.00405503,0.008934429660969063,0.00454494,0.004567626190312554,0.00102156058449278,0.011024768033351564,0.0032469124471219,0.008404767464452356,0.00218775,0.008487813033567555,0.0039758,0.01387684484575394
2013-07-01 00:00:00,98.4317580595484,1.9931352419759958,0.0023425239176275703,0.08,-1.5222713319011598,-0.38284615384615384,0.00107819,0.007465404248005434,0.00259661522381888,0.007627217679413612,0.00552747014779327,0.013578212065071064,0.00381089,0.008855217544462841,0.00458521,0.004546634372091137,0.00106050890050676,0.010904582791003968,0.00295002348006591,0.008334818816525124,0.00209612,0.008416468402571133,0.00398328,0.013687015049527282
2013-10-01 00:00:00,98.795726326241,1.994738158422909,0.0016029164469131274,0.09,-1.8521047737161176,-0.5783692307692307,0.00114103,0.007409955886890873,0.00289374624351849,0.00756909483028412,0.00559992547358616,0.013396275136072357,0.00357896,0.008777490952582725,0.00437572,0.0045261672799881796,0.0011218628558806,0.01078688655549992,0.00260760132884499,0.008265788033701732,0.00201586,0.008346131452573827,0.00420214,0.013502110084434834
2014-01-01 00:00:00,99.4110127121683,1.9974344980311118,0.0026963396082029245,0.08,-2.3761232784653394,-0.614476923076923,0.00120846,0.010793700012557002,0.00338724581810816,0.0058836466056627545,0.00586367389558533,0.0032887560719500643,0.00329616,0.010677625771174258,0.00387631,0.0077575439482322605,0.00122114781448654,0.011227459138487302,0.00219402747728076,0.010770034828304891,0.00185055,0.011066134792037888,0.00479896,0.01563499288271155
2014-04-01 00:00:00,99.938963590516,1.9997348413117533,0.002300343280641437,0.1,-2.8917858214847874,-0.7389461538461538,0.00145216,0.010678271115004646,0.00358436431082593,0.005849103935228277,0.00592796829440559,0.0032779373147575714,0.00316836,0.010564541656247093,0.00361537,0.007697607958740058,0.00147389296571405,0.011102769127018821,0.00198640652530178,0.010655210494209678,0.00181197,0.010944747316810572,0.00542699,0.015394254483472997
2014-07-01 00:00:00,100.194641453285,2.0008444954883244,0.001109654176571162,0.09,-2.836697391006992,-0.6549846153846154,0.00195672,0.01056561760388589,0.0034891014975397,0.005815217978516497,0.00585567256983179,0.003267265717546987,0.00320538,0.010454464280412737,0.00353384,0.007638916451027812,0.00196932984481717,0.010980884645875611,0.00191887056272372,0.010542906915988878,0.00189507,0.010826522222160344,0.00629165,0.015160912124428445
2014-10-01 00:00:00,99.9457141611502,1.9997641755819957,-0.0010803199063287305,0.12,-2.8017094713475665,-0.3272846153846154,0.00300762,0.010454986977032859,0.00305693840132242,0.005781470354024797,0.00557075789683239,0.003256587411258283,0.00336984,0.01034593765732742,0.00358482,0.007580897570827459,0.00294202420706264,0.010861581497052773,0.00198640848469902,0.010432848440091298,0.00215709,0.010710213789202089,0.00770281,0.014934444480158113
2015-01-01 00:00:00,99.2987844753752,1.996943932293285,-0.0028202432887107776,0.11,-2.268755008152266,-0.14546923076923077,0.00538203,0.008492014490522568,0.00227037417087635,0.009785460467126665,0.00507335467725107,0.013315504898395294,0.00367979,0.008493781012952862,0.00373666,0.013194060428225438,0.00507542487038449,0.019435163737278365,0.00219632112970632,0.013554613637921044,0.00272462,0.007386609232204609,0.01025592,-0.0016009692093088051
2015-04-01 00:00:00,99.9759510921157,1.9998955443593767,0.0029516120660917355,0.13,-1.594953160515836,-0.3366,0.00654198,0.008420426223154878,0.00194170931224222,0.009690135418998587,0.00467170815524328,0.013140494655362364,0.00392359,0.00842197814677443,0.00380075,0.013022244151973198,0.00616509699556157,0.0190646393499205,0.00226178012293065,0.01337324758699475,0.00323081,0.007332017283920554,0.01181315,-0.001603582932069307
2015-07-01 00:00:00,100.353561136965,2.0015327884298015,0.0016372440704248703,0.14,-1.2882195063603739,0.04193076923076923,0.00652205,0.00835019521672724,0.00190437282613406,0.009597630817124017,0.00435896404360208,0.012970098568213018,0.00408749,0.008351728791847162,0.00377718,0.012854635948720066,0.00620044982235982,0.018707978487097907,0.0022343081099295,0.013196826855187705,0.00371323,0.007278991611849242,0.01272039,-0.0016061119554648016
2015-10-01 00:00:00,100.345966745001,2.001499921361705,-3.286706809646489e-05,0.24,-0.5324050657277923,0.1329153846153846,0.00556661,0.008280967007288136,0.00213960938304045,0.009505903699274001,0.00410654714897666,0.01280399258395522,0.00422313,0.008282555137634528,0.00370726,0.012691594753690463,0.00542214623121609,0.018364417362158558,0.00211462412479309,0.013024876948841883,0.00441558,0.0072261364877935,0.01304631,-0.0016087423608300276
2016-01-01 00:00:00,100.283664603524,2.001230195729035,-0.00026972563267024796,0.36,0.40194296750076597,0.48476153846153847,0.00378547,0.004925856937627084,0.0028030697718392,0.006216490083362153,0.00393053765297577,0.011217752193839173,0.00428285,0.00801513895693981,0.00363096,0.006731598278192687,0.00394218395643601,0.010087055091417422,0.00196595628105067,0.009960355538526948,0.00550872,0.003666420067489642,0.01310213,-0.0014288805482219878
2016-04-01 00:00:00,101.085716776996,2.0046897949267204,0.00345959919768557,0.38,0.4078317090609833,0.12253076923076923,0.00294511,0.004901554191405434,0.00313596848547476,0.0061780840849141065,0.00391592005986983,0.011093238979110366,0.0042789,0.00795114977854659,0.0035573,0.006686586861588469,0.00318252068678463,0.009986292506370124,0.00190714782257455,0.00986191302453752,0.00605311,0.0036526911514807342,0.01256247,-0.0014310187734162677
2016-07-01 00:00:00,101.514799922931,2.0065293630009737,0.0018395680742533393,0.4,0.47031180386513505,0.18017857142857144,0.00252815,0.004877802990824171,0.00319216160525026,0.006140149723627573,0.00411123542404336,0.010971599612641826,0.00418089,0.007888768391234648,0.00347935,0.006641871420374932,0.00274296205882723,0.009887611921071293,0.00188233111386711,0.009765815640070726,0.00614682,0.003639731721830902,0.01156988,-0.0014329757846120819
2016-10-01 00:00:00,102.159198144718,2.0092774754584624,0.0027481124574886273,0.54,0.5227246283155693,-0.08690769230769231,0.00231616,0.004853969437860295,0.00289207462353005,0.006102678364752848,0.00457771873235845,0.010852460334307071,0.00399663,0.00782685381281641,0.0033969,0.0065982480200107,0.00250635691486727,0.009790745423618772,0.0018743433440575,0.009671218186717812,0.00567528,0.0036262824025375734,0.00983931,-0.0014351260236467676
2017-01-01 00:00:00,102.878133917258,2.0123230780841546,0.003045602625692201,0.79,0.37916019968778475,-0.31066923076923075,0.00214796,0.006498815989462309,0.00222746374414112,0.008519770918332432,0.00547269476641535,0.002526065078532001,0.00364502,0.013588211732877286,0.00321214,0.007583539028588687,0.00230608104243435,0.010893611894898465,0.00188352459290628,0.010207076387998202,0.0046568,0.006972653622560126,0.00728351,0.014952194772518043
2017-04-01 00:00:00,102.996831450909,2.012823864466801,0.0005007863826462788,1.04,0.8463595951351675,-0.5547461538461539,0.002254,0.006456738336869925,0.00191724741433718,0.008447797617863798,0.00600870221534189,0.002519665780548576,0.00350668,0.013406047520665468,0.0031555,0.007526461811692304,0.00240303928714836,0.010776248750476553,0.00197868779915886,0.010103769746025138,0.00406913,0.006924125282290255,0.0058084,0.014731827609126183
2017-07-01 00:00:00,103.489201196539,2.0148950347646024,0.0020711702978015722,1.15,1.0796696056292157,-0.6159,0.00264268,0.006415431321545312,0.00176520350716733,0.008377030162412993,0.00619889157088313,0.0025133673063739183,0.00349095,0.013228702900938529,0.00313771,0.007470237355511996,0.00277646926336125,0.010661330784661688,0.00216908943913092,0.010002877878224674,0.00364823,0.006876756846512477,0.00494501,0.01451804292622732
2017-10-01 00:00:00,104.312489540131,2.0183363104747194,0.0034412757101169866,1.3,1.1565669758306154,-0.7292076923076923,0.00348082,0.006374421653721962,0.00168831077810824,0.00830743849953004,0.00612496581915381,0.0025070319292525645,0.00367219,0.013055827972693178,0.00313774,0.007414749562802818,0.0035498807998887,0.010548894041947768,0.00248869748401154,0.009903668394779519,0.00323068,0.0068295463260113305,0.00441897,0.014310195614000399
2018-01-01 00:00:00,105.163061440037,2.021863220522589,0.003526910047869425,1.51,1.3994853639838936,-0.33921538461538464,0.00527299,0.011260832818904182,0.00163467484849554,0.008455893259337157,0.00568981684293521,0.013196317373419945,0.00408027,0.016217219526001695,0.0031326,0.011818702887138145,0.00522670212483381,0.0184010429091398,0.00300493907451481,0.01455621566629651,0.00265783,0.011016479251583366,0.00416035,0.014508972031672016
2018-04-01 00:00:00,105.764987321584,2.0243419216723404,0.002478701149751572,1.82,1.705115737171642,-0.21403076923076922,0.00637309,0.011135363652698961,0.00164276239212628,0.008384764391277265,0.00547140855278129,0.013024442694017766,0.00429225,0.015958261839670956,0.00310853,0.011680366862293994,0.00622514342725311,0.018068589921627524,0.0033746276427305,0.014347372221988612,0.00240219,0.010896199434687328,0.00400747,0.014301428652117636
2018-07-01 00:00:00,106.224588672261,2.026225058069736,0.0018831363973954574,1.95,1.91867145732572,-0.9892692307692308,0.00686805,0.011012806897861332,0.00168356962301872,0.008315269100962202,0.00548104954315222,0.012856987595857818,0.00444183,0.015707672938341077,0.00314284,0.011545887804694269,0.00668761495064507,0.017747883289853637,0.00368211068411332,0.014144464216613209,0.00239575,0.01077898884679831,0.00394423,0.014099824731650565
2018-10-01 00:00:00,106.612605846838,2.0278085585934438,0.0015835005237079258,2.27,2.2995241098898105,-0.6223692307692308,0.00705446,0.0108927728632847,0.00176995184512021,0.008246473057949445,0.00561058583459157,0.012693783775314105,0.00455643,0.015464681748250825,0.00322374,0.011413729418233102,0.00680210659076545,0.01743841525143323,0.0040229982662885,0.013947161595338242,0.00267459,0.01066372884109491,0.00401641,0.013903741315447854
2019-01-01 00:00:00,106.866877340725,2.0288431194540233,0.0010345608605795142,2.41,2.4940029515257844,-0.5170461538461538,0.00712888,0.007222714176802909,0.0018843053577171,0.009060839699542767,0.00594672617396062,0.012394462950241667,0.00475459,0.014150176859474013,0.00341662,0.010710465841419903,0.00688693456095433,0.015878887989349093,0.00448994300262322,0.007650685058598217,0.00332862,0.0070920007181029775,0.00425173,0.010848328962635604
2019-04-01 00:00:00,107.706620200239,2.0322423980804456,0.0033992786264223085,2.38,2.4087304465726715,-0.3142615384615385,0.0075356,0.007170848750840468,0.00225274972616055,0.008979149966657506,0.00663488943818249,0.01224268899197246,0.00523216,0.013952816716222078,0.00382337,0.010597058469635984,0.00731001303997226,0.015630613240233696,0.00508552438522335,0.007592463824998352,0.00405907,0.007041828221750559,0.00496986,0.01073182278181595
2019-07-01 00:00:00,108.104060046326,2.0338420049857255,0.0015996069052799378,2.04,2.1720244153675345,0.2657769230769231,0.00853718,0.007119865190040496,0.00310238735681271,0.008899567536453611,0.00778372396309872,0.012094649960483672,0.00603323,0.013760741966715067,0.00460513,0.010485848237353308,0.00822019230339644,0.015390107602700985,0.00598198132620272,0.007535384360877714,0.00496503,0.00699274002296086,0.00641514,0.01061795570012103
2019-10-01 00:00:00,108.762381320046,2.036478707768293,0.002636702782567557,1.55,1.6555187383308239,0.18347692307692307,0.01062968,0.007069460182991329,0.00486061732469022,0.008820741549994869,0.00978184978724047,0.011950086231181477,0.00753932,0.013573882644523761,0.00606469,0.01037703621049673,0.0103111544174411,0.015156792540161433,0.00739501206700421,0.007478870196142448,0.00650766,0.006944029825616429,0.00934495,0.010506318024201267
2020-01-01 00:00:00,109.113692266799,2.0378792519888873,0.0014005442205942131,0.65,1.6285952813840034,1.277823076923077,0.0149559,-0.006755442444466672,0.00896985298809254,-0.0042781904837978614,0.0134482991519412,-0.01147270418567001,0.01020854,-0.003513240419694517,0.00891468,-0.005073566806980309,0.0146065959724001,-0.006729262960854282,0.00970126663087043,-0.0026508969146349943,0.00959573,-0.0028316532541392265,0.01544513,-0.013544683986433699
2020-04-01 00:00:00,108.185629441489,2.0341695762164655,-0.003709675772421761,0.08,0.4973777277378941,1.1682153846153847,0.01784042,-0.006801530595121677,0.0119158367894279,-0.0042967859621711405,0.0158242959500664,-0.011605854723737308,0.01210059,-0.003525768653456865,0.0107144,-0.005099527881302297,0.0174954853524124,-0.0067748281159587045,0.0112495381940163,-0.0026579948708273403,0.01160321,-0.002839995737443967,0.01942955,-0.013730783637078242
2020-07-01 00:00:00,109.459518374913,2.039253532902249,0.005083956685783431,0.09,0.2525783677282849,-0.10002307692307692,0.01951946,-0.006847965482026223,0.0139101058439902,-0.00431511315503094,0.0172005072593456,-0.011742132204246714,0.0132503,-0.003538314862687801,0.01167514,-0.005125577175913449,0.0193095514051079,-0.00682108904261059,0.0121165027405482,-0.0026650525549990825,0.01307569,-0.0028477819723610968,0.02127325,-0.013921818940497177
2020-10-01 00:00:00,110.067632279541,2.041659624248028,0.002406091345779071,0.09,0.17197914031962425,-0.27543076923076926,0.02064387,-0.006895327175131288,0.0155907934027492,-0.004334029832099196,0.0174913806679454,-0.011881648086887278,0.01400702,-0.0035508789905956653,0.01188404,-0.005152073711237366,0.0202591719099258,-0.006867910896088658,0.0124240736508317,-0.0026722263409837696,0.01404835,-0.0028562181712896463,0.02104838,-0.014118497994563856
2021-01-01 00:00:00,111.183867261279,2.0460417758459486,0.004382151597920547,0.07,-0.4156450884708447,-0.5155076923076923,0.02107997,0.024002541153554886,0.0172101961463124,0.027668967131419062,0.0167937225903248,0.025970845277282377,0.0142118,0.027899702925438908,0.01167624,0.022444996283511234,0.0208564777589402,0.031326747749837874,0.0121295503400234,0.022604281642736226,0.01528716,0.027265383225552088,0.0190235,0.026798187954099936
2021-04-01 00:00:00,113.392850864425,2.054585674239388,0.008543898393439608,0.08,-1.7997529808858768,-0.7353846153846154,0.0208539,0.02343981743644217,0.0174341529031765,0.02692400764874,0.0162286383822031,0.025313402461060168,0.014138,0.027142367254469266,0.01139041,0.02195227749668377,0.020798546111483,0.030375191779120535,0.011837872976435,0.022104545605479704,0.01555784,0.026541491261841098,0.01752268,0.02609878773500316
2021-07-01 00:00:00,115.250523520816,2.0616429068311883,0.007057232591800133,0.08,-1.8898706050066383,-0.7117,0.02027099,0.022903079426378724,0.017089084034858,0.0262181110269158,0.0155359935179856,0.024688484456251346,0.01375923,0.026425194658373948,0.01087428,0.021480726624981766,0.0202087959226379,0.029479739051823203,0.0114660138398074,0.021626551787858262,0.01501052,0.025855542578673563,0.01649756,0.025434965957433085
2021-10-01 00:00:00,117.465554510155,2.069910533166864,0.008267626335675793,0.08,-1.7021014727759458,-0.6693285714285714,0.01973262,0.022390171976307962,0.0162289770101173,0.025548283298839725,0.0148297528743768,0.024093618764145966,0.01310137,0.02574481501111203,0.01011127,0.02102883940162999,0.0195870192852666,0.028635546959971656,0.0111227437678275,0.021168671164247702,0.01416055,0.025203601466066868,0.01586003,0.02480407515037762
